AYGA;GKA;GOROKA
AYMD;MAG;MADANG
AYMH;HGU;MOUNT HAGEN
AYNZ;LAE;NADZAB
AYPY;POM;PORT MORESBY JACKSONS INTERNATIONAL
AYWK;WWK;WEWAK INTERNATIONAL
BGBW;UAK;NARSARSUAQ
BGCO;;NERLERIT INAAT CONSTABLE PYNT
BGGH;GOH;NUUK
BGJN;JAV;JACOBSHAVN
BGKK;KUS;KULUSUK
BGSF;SFJ;KANGERLUSSUAQ SONDRE STROMFJORD
BGTL;THU;THULE AIR BASE
BIAR;AEY;AKUREYRI
BIEG;EGS;EGILSSTADIR
BIHN;HFN;HORNAFJORDUR
BIHU;HZK;HUSAVIK
BIIS;IFJ;ISAFJORDUR
BIKF;KEF;KEFLAVIK NAS
BIKP;OPA;KOPASKER
BIPA;PFJ;PATREKSFJORDUR
BIRK;RKV;REYKJAVIK
BISI;SIJ;SIGLUFJORDHUR
BIVM;VEY;VESTMANNAEYJAR
CYAM;YAM;SAULT STE MARIE
CYAV;YAV;WINNIPEG ST ANDREWS
CYAW;YAW;SHEARWATER
CYAY;YAY;ST ANTHONY
CYAZ;YAZ;TOFINO
CYBB;YBB;KUGAARUK
CYBC;YBC;BAIE COMEAU
CYBG;YBG;BAGOTVILLE
CYBK;YBK;BAKER LAKE
CYBL;YBL;CAMPBELL RIVER
CYBR;YBR;BRANDON MUNI
CYCB;YCB;CAMBRIDGE BAY
CYCD;YCD;NANAIMO
CYCG;YCG;CASTLEGAR
CYCH;YCH;MIRAMICHI
CYCL;YCL;CHARLO
CYCO;YCO;KUGLUKTUK
CYCT;YCT;CORONATION
CYCW;YCW;CHILLIWACK
CYCY;YCY;CLYDE RIVER
CYCZ;YZS;FAIRMONT HOT SPRINGS
CYDA;YDA;DAWSON
CYDB;YDB;BURWASH
CYDC;YDC;PRINCETON
CYDF;YDF;DEER LAKE
CYDL;YDL;DEASE LAKE
CYDN;YDN;DAUPHIN BARKER
CYDQ;YDQ;DAWSON CREEK
CYED;YED;EDMONTON NAMAO
CYEG;YEG;EDMONTON INTERNATIONAL
CYEK;YEK;ARVIAT
CYEN;YEN;ESTEVAN
CYET;YET;EDSON
CYEU;YEU;EUREKA
CYEV;YEV;INUVIK MIKE ZUBKO
CYFB;YFB;IQALUIT
CYFC;YFC;FREDERICTON
CYFE;;FORESTVILLE
CYFO;YFO;FLIN FLON
CYFR;YFR;FORT RESOLUTION
CYFS;YFS;FORT SIMPSON
CYGK;YGK;KINGSTON
CYGL;YGL;LA GRANDE RIVIERE
CYGP;YGP;GASPE
CYGQ;YGQ;GERALDTON GREENSTONE REGIONAL
CYGR;YGR;ILES DE LA MADELEINE
CYGW;YGW;KUUJJUARAPIK
CYGX;YGX;GILLAM
CYHB;YHB;HUDSON BAY
CYHD;YHD;DRYDEN RGNL
CYHI;YHI;HOLMAN
CYHK;YHK;GJOA HAVEN
CYHM;YHM;HAMILTON
CYHU;YHU;ST HUBERT
CYHY;YHY;HAY RIVER
CYHZ;YHZ;HALIFAX INTERNATIONAL
CYIB;YIB;ATIKOKAN MUNI
CYIO;YIO;POND INLET
CYJN;YJN;ST JEAN
CYJT;YJT;STEPHENVILLE
CYKA;YKA;KAMLOOPS
CYKF;YKF;WATERLOO RGNL
CYKL;YKL;SCHEFFERVILLE
CYKY;YKY;KINDERSLEY
CYKZ;YKZ;BUTTONVILLE MUNI
CYLD;YLD;CHAPLEAU
CYLJ;YLJ;MEADOW LAKE
CYLL;YLL;LLOYDMINSTER
CYLT;YLT;ALERT
CYLW;YLW;KELOWNA
CYMA;YMA;MAYO
CYMJ;YMJ;MOOSE JAW
CYMM;YMM;FORT MCMURRAY
CYMO;YMO;MOOSONEE
CYMW;YMW;MANIWAKI
CYMX;YMX;MONTREAL INTERNATIONAL MIRABEL
CYNA;YNA;NATASHQUAN
CYND;YND;GATINEAU
CYNM;YNM;MATAGAMI
CYOC;YOC;OLD CROW
CYOD;YOD;COLD LAKE
CYOJ;YOJ;HIGH LEVEL
CYOW;YOW;OTTAWA MACDONALD CARTIER INTERNATIONAL
CYPA;YPA;PRINCE ALBERT GLASS FIELD
CYPE;YPE;PEACE RIVER
CYPG;YPG;SOUTHPORT
CYPK;;PITT MEADOWS
CYPL;YPL;PICKLE LAKE
CYPN;YPN;PORT MENIER
CYPQ;YPQ;PETERBOROUGH
CYPR;YPR;PRINCE RUPERT
CYPY;YPY;FORT CHIPEWYAN
CYQA;YQA;MUSKOKA
CYQB;YQB;QUEBEC JEAN LESAGE INTERNATIONAL
CYQF;YQF;RED DEER REGIONAL
CYQG;YQG;WINDSOR
CYQH;YQH;WATSON LAKE
CYQK;YQK;KENORA
CYQL;YQL;LETHBRIDGE
CYQM;YQM;GREATER MONCTON INTERNATIONAL
CYQN;;NAKINA
CYQQ;YQQ;COMOX
CYQR;YQR;REGINA INTERNATIONAL
CYQT;YQT;THUNDER BAY
CYQU;YQU;GRANDE PRAIRIE
CYQV;YQV;YORKTON MUNI
CYQW;YQW;NORTH BATTLEFORD
CYQX;YQX;GANDER INTERNATIONAL
CYQY;YQY;SYDNEY
CYQZ;YQZ;QUESNEL
CYRB;YRB;RESOLUTE BAY
CYRI;YRI;RIVIERE DU LOUP
CYRJ;YRJ;ROBERVAL
CYRM;YRM;ROCKY MOUNTAIN HOUSE
CYRT;YRT;RANKIN INLET
CYSB;YSB;SUDBURY
CYSC;YSC;SHERBROOKE
CYSJ;YSJ;SAINT JOHN
CYSM;YSM;FORT SMITH
CYSR;YSR;NANISIVIK
CYSU;YSU;SUMMERSIDE
CYSY;YSY;SACHS HARBOUR
CYTE;YTE;CAPE DORSET
CYTH;YTH;THOMPSON
CYTR;YTR;TRENTON
CYTS;YTS;TIMMINS
CYTZ;YTZ;CITY CENTRE
CYUB;YUB;TUKTOYAKTUK
CYUL;YUL;MONTREAL INTERNATIONAL DORVAL
CYUT;YUT;REPULSE BAY
CYUX;YUX;HALL BEACH
CYUY;YUY;ROUYN NORANDA
CYVC;YVC;LA RONGE
CYVG;YVG;VERMILION
CYVM;YVM;QIKIQTARJUAQ
CYVO;YVO;VAL D OR
CYVP;YVP;KUUJJUAQ
CYVQ;YVQ;NORMAN WELLS
CYVR;YVR;VANCOUVER INTERNATIONAL
CYVT;YVT;BUFFALO NARROWS
CYVV;YVV;WIARTON
CYWA;YWA;PETAWAWA
CYWG;YWG;WINNIPEG INTERNATIONAL
CYWK;YWK;WABUSH
CYWL;YWL;WILLIAMS LAKE
CYWY;YWY;WRIGLEY
CYXC;YXC;CRANBROOK
CYXD;YXD;EDMONTON CITY CENTRE
CYXE;YXE;SASKATOON J G DIEFENBAKER INTERNATIONAL
CYXH;YXH;MEDICINE HAT
CYXJ;YXJ;FORT ST JOHN
CYXL;YXL;SIOUX LOOKOUT
CYXP;YXP;PANGNIRTUNG
CYXR;YXR;TIMISKAMING RGNL
CYXS;YXS;PRINCE GEORGE
CYXT;YXT;TERRACE
CYXU;YXU;LONDON
CYXX;YXX;ABBOTSFORD
CYXY;YXY;WHITEHORSE INTERNATIONAL
CYYB;YYB;NORTH BAY
CYYC;YYC;CALGARY INTERNATIONAL
CYYD;YYD;SMITHERS
CYYE;YYE;FORT NELSON
CYYF;YYF;PENTICTON
CYYG;YYG;CHARLOTTETOWN
CYYH;YYH;TALOYOAK
CYYJ;YYJ;VICTORIA INTERNATIONAL
CYYL;YYL;LYNN LAKE
CYYN;YYN;SWIFT CURRENT
CYYQ;YYQ;CHURCHILL
CYYR;YYR;GOOSE BAY
CYYT;YYT;ST JOHNS INTERNATIONAL
CYYU;YYU;KAPUSKASING
CYYW;YYW;ARMSTRONG
CYYY;YYY;MONT JOLI
CYYZ;YYZ;LESTER B PEARSON INTERNATIONAL
CYZD;YZD;DOWNSVIEW
CYZE;YZE;GORE BAY MANITOULIN
CYZF;YZF;YELLOWKNIFE
CYZH;YZH;SLAVE LAKE
CYZP;YZP;SANDSPIT
CYZR;YZR;CHRIS HADFIELD
CYZT;YZT;PORT HARDY
CYZU;YZU;WHITECOURT
CYZV;YZV;SEPT ILES
CYZW;YZW;TESLIN
CYZX;YZX;GREENWOOD
CZFA;ZFA;FARO
CZFM;ZFM;FORT MCPHERSON
DAAB;;BLIDA
DAAD;;BOU SAADA
DAAE;BJA;SOUMMAM
DAAG;ALG;HOUARI BOUMEDIENE
DAAJ;DJG;TISKA
DAAK;;BOUFARIK
DAAM;;TELERGHMA
DAAN;;REGGANE
DAAP;VVZ;ILLIZI
DAAQ;;AIN OUSSERA
DAAS;GSF;SETIF AIN ARNAT
DAAT;TMR;TAMANRASSET
DAAV;GJL;JIJEL
DAAY;;MECHERIA
DAAZ;;RELIZANE
DABB;AAE;ANNABA
DABC;CZL;MOHAMED BOUDIAF INTERNATIONAL
DABS;TEE;CHEIKH LARBI TEBESSI
DAFH;HRM;HASSI R MEL
DAOB;TID;BOU CHEKIF
DAOE;;BOU SFER
DAOF;TIN;TINDOUF
DAOI;QAS;ECH CHELIFF
DAOL;TAF;TAFARAOUI
DAON;TLM;ZENATA
DAOO;ORN;ES SENIA
DAOS;;SIDI BEL ABBES
DAOV;MUW;GHRISS
DAUA;AZR;TOUAT CHEIKH SIDI MOHAMED BELKEBIR
DAUB;BSK;BISKRA
DAUE;ELG;EL GOLEA
DAUG;GHA;NOUMERATE
DAUH;HME;OUED IRARA
DAUI;INZ;IN SALAH
DAUK;TGR;SIDI MAHDI
DAUL;LOO;LAGHOUAT
DAUT;TMX;TIMIMOUN
DAUU;OGX;OUARGLA
DAUZ;IAM;IN AMENAS
DBBB;COO;COTONOU CADJEHOUN
DBBP;PKO;PARAKOU
DFFD;OUA;OUAGADOUGOU
DFOO;BOY;BOBO DIOULASSO
DGAA;ACC;KOTOKA INTERNATIONAL
DGLE;TML;TAMALE
DGLW;;WA
DGSN;NYI;SUNYANI
DGTK;TKD;TAKORADI
DIAP;ABJ;ABIDJAN FELIX HOUPHOUET BOIGNY INTERNATIONAL
DIBK;BYK;BOUAKE
DIDL;DJO;DALOA
DIKO;HGO;KORHOGO
DIMN;MJC;MAN
DISP;SPY;SAN PEDRO
DIYO;ASK;YAMOUSSOUKRO
DNAA;ABV;ABUJA NNAMDI AZIKIWE INTERNATIONAL
DNAK;AKR;AKURE
DNBE;BNI;BENIN
DNCA;CBQ;CALABAR
DNEN;ENU;ENUGU
DNGU;QUS;GUSAU
DNIB;IBA;IBADAN
DNIL;ILR;ILORIN
DNJO;JOS;JOS
DNKA;KAD;KADUNA
DNKN;KAN;KANO MALLAM AMINU INTERNATIONAL
DNMA;MIU;MAIDUGURI
DNMK;MDI;MAKURDI
DNMM;LOS;LAGOS MURTALA MUHAMMED
DNMN;MXJ;MINNA NEW
DNPO;PHC;PORT HARCOURT INTERNATIONAL
DNSO;SKO;SADIQ ABUBAKAR III INTERNATIONAL
DNYO;YOL;YOLA
DNZA;ZAR;ZARIA
DRRM;MFG;MARADI
DRRN;NIM;DIORI HAMANI
DRRT;THZ;TAHOUA
DRZA;AJY;MANU DAYAK
DRZD;;DIRKOU
DRZF;;DIFFA
DRZR;ZND;ZINDER
DRZT;;TANOUT
DTMB;MIR;HABIB BOURGUIBA INTERNATIONAL
DTTA;TUN;CARTHAGE
DTTB;;SIDI AHMED AIR BASE
DTTD;;REMADA
DTTF;GAF;GAFSA
DTTG;GAE;GABES
DTTI;;BORDJ EL AMRI
DTTJ;DJE;ZARZIS
DTTR;EBM;EL BORMA
DTTX;SFA;THYNA
DTTZ;TOE;NEFTA
DXNG;LRL;NIAMTOUGOU
DXXX;LFW;LOME TOKOIN
EBAW;ANR;DEURNE
EBBE;;BEAUVECHAIN
EBBL;;KLEINE BROGEL
EBBR;BRU;BRUSSELS NATL
EBBT;;BRAASCHAAT
EBBX;;BERTRIX JEHONVILLE
EBCI;CRL;BRUSSELS SOUTH
EBCV;;CHIEVRES AB
EBFN;;KOKSIJDE
EBFS;;FLORENNES
EBKT;QKT;WEVELGEM
EBLG;LGG;LIEGE
EBOS;OST;OOSTENDE
EBSL;;ZUTENDAAL
EBST;;ST TRUIDEN
EBUL;;URSEL
EBWE;;WEELDE
EBZR;;ZOERSEL
EDAB;BBJ;BAUTZEN
EDAC;AOC;ALTENBURG NOBITZ
EDAD;;DESSAU
EDAE;;EISENHUTTENSTADT
EDAH;;HERINGSDORF
EDAK;;GROSSENHAIN
EDAM;;MERSEBURG
EDAQ;;HALLE OPPIN
EDAU;;RIESA GOHLIS
EDAX;;RECHLIN LARZ
EDAY;;STRAUSBERG
EDAZ;;SCHONHAGEN
EDBC;;COCHSTEDT SCHNEIDLINGEN
EDBG;GWW;GOLDSBORO WAYNE MUNI
EDBH;;BARTH
EDBJ;;JENA SCHONGLEINA
EDBK;;KYRITZ
EDBM;;MAGDEBURG
EDBN;;BRANDIS WALDPOLENZ
EDBR;;ROTHENBURG GORLITZ
EDCA;;ANKLAM
EDCD;;COTTBUS DREWITZ
EDCK;;KOTHEN
EDCM;;KAMENZ
EDDB;SXF;SCHONEFELD
EDDC;DRS;DRESDEN
EDDE;ERF;ERFURT
EDDF;FRA;FRANKFURT MAIN
EDDG;FMO;MUNSTER OSNABRUCK
EDDH;HAM;HAMBURG
EDDI;THF;TEMPELHOF
EDDK;CGN;KOLN BONN
EDDL;DUS;DUSSELDORF
EDDM;MUC;MUNICH
EDDN;NUE;NURNBERG
EDDP;LEJ;LEIPZIG HALLE
EDDR;SCN;SAARBRUCKEN
EDDS;STR;STUTTGART
EDDT;TXL;TEGEL
EDDV;HAJ;HANNOVER
EDDW;BRE;BREMEN
EDFE;;EGELSBACH
EDFH;HHN;FRANKFURT HAHN
EDFM;MHG;MANNHEIM CITY
EDFQ;;ALLENDORF EDER
EDFV;;WORMS
EDFZ;;MAINZ FINTHEN
EDGE;;EISENACH KINDEL
EDGS;;SIEGERLAND
EDHI;XFW;HAMBURG FINKENWERDER
EDHK;KEL;KIEL HOLTENAU
EDHL;LBC;LUBECK BLANKENSEE
EDKA;AAH;AACHEN MERZBRUCK
EDKV;;DAHLEMER BINZ
EDKZ;;MEINERZHAGEN
EDLA;ZCA;ARNSBERG MENDEN
EDLC;;KAMP LINTFORT
EDLE;ESS;ESSEN MULHEIM
EDLN;MGL;MONCHENGLADBACH
EDLP;PAD;PADERBORN LIPPSTADT
EDLS;;STADTLOHN VREDEN
EDLW;DTM;DORTMUND
EDMA;AGB;AUGSBURG
EDMB;;BIBERACH AN DER RISS
EDME;;EGGENFELDEN
EDMO;OBF;OBERPFAFFENHOFEN
EDMS;;STRAUBING
EDMV;;VILSHOFEN
EDNL;;LEUTKIRCH UNTERZEIL
EDNY;FDH;FRIEDRICHSHAFEN
EDOP;SZW;SCHWERIN PARCHIM
EDOV;;STENDAL BORSTEL
EDPA;;AALEN HEIDENHEIM ELCHINGEN
EDQC;;COBURG BRANDENSTEINSEBENE
EDQD;BYU;BAYREUTH
EDQE;;BURG FEUERSTEIN
EDQM;HOQ;HOF PLAUEN
EDQP;;ROSENTHAL FIELD PLOSSEN
EDQT;;HASSFURT SCHWEINFURT
EDRK;ZNV;KOBLENZ WINNINGEN
EDRT;ZQF;TRIER FOHREN
EDRY;ZQC;SPEYER
EDRZ;;ZWEIBRUCKEN
EDTB;ZCC;BADEN OOS
EDTD;ZQL;DONAUESCHINGEN VILLINGEN
EDTF;;FREIBURG
EDTK;;KARLSRUHE FORCHHEIM
EDTM;;MENGEN HOHENTENGEN
EDTY;;SCHWABISCH HALL HESSENTAL
EDUS;;FINSTERWALDE SCHACKSDORF
EDVE;BWE;BRAUNSCHWEIG
EDVK;KSF;KASSEL CALDEN
EDVM;;HILDESHEIM
EDWB;BRV;BREMERHAVEN
EDWD;LEM;LEMWERDER
EDWE;EME;EMDEN
EDWF;;LEER PAPENBURG
EDWI;WVN;WILHELMSHAVEN MARIENSIEL
EDWR;BMK;BORKUM
EDWY;NRD;NORDERNEY
EDXF;;FLENSBURG SCHAFERHAUS
EDXR;;RENDSBURG SCHACHTHOLM
EDXW;GWT;WESTERLAND SYLT
EEEI;;AMARI
EEKA;;KARDLA
EEKE;;KURESSAARE
EEPU;;PARNU
EETN;TLL;TALLINN
EETU;;TARTU
EFET;ENF;ENONTEKIO
EFEU;;EURA
EFHA;KEV;HALLI
EFHF;HEM;HELSINKI MALMI
EFHK;HEL;HELSINKI VANTAA
EFHM;;HAMEENKYRO
EFHN;;HANKO
EFHV;;HYVINKAA
EFIK;;KIIKALA
EFIM;;IMMOLA
EFIT;;KITEE
EFIV;IVL;IVALO
EFJO;JOE;JOENSUU
EFJY;JYV;JYVASKYLA
EFKA;KAU;KAUHAVA
EFKE;KEM;KEMI TORNIO
EFKI;KAJ;KAJAANI
EFKJ;;KAUHAJOKI
EFKK;KOK;KRUUNUPYY
EFKM;;KEMIJARVI
EFKS;KAO;KUUSAMO
EFKT;KTT;KITTILA
EFKU;KUO;KUOPIO
EFLA;;LAHTI VESIVEHMAA
EFLP;LPP;LAPPEENRANTA
EFMA;MHQ;MARIEHAMN
EFME;;MENKIJARVI
EFMI;MIK;MIKKELI
EFNU;;NUMMELA
EFOU;OUL;OULU
EFPI;;PIIKAJARVI
EFPO;POR;PORI
EFPU;;PUDASJARVI
EFPY;;PYHASALMI
EFRH;;RAAHE PATTIJOKI
EFRN;;RANTASALMI
EFRO;RVN;ROVANIEMI
EFRY;;RAYSKALA
EFSA;SVL;SAVONLINNA
EFSE;;SELANPAA
EFSO;SOT;SODANKYLA
EFTP;TMP;TAMPERE PIRKKALA
EFTS;;TEISKO
EFTU;TKU;TURKU
EFUT;QVY;UTTI
EFVA;VAA;VAASA
EFVR;VRK;VARKAUS
EFYL;;YLIVIESKA
EGAA;BFS;ALDERGROVE
EGAB;ENK;ST ANGELO
EGAC;BHD;CITY
EGAE;LDY;LONDONDERRY EGLINTON
EGBB;BHX;BIRMINGHAM
EGBE;CVT;COVENTRY
EGBG;;LEICESTER
EGBJ;GLO;GLOUCESTERSHIRE
EGBN;;NOTTINGHAM
EGBO;;WOLVERHAMPTON
EGBP;;KEMBLE
EGBT;;TURWESTON
EGCC;MAN;MANCHESTER
EGCD;;MANCHESTER WOODFORD
EGCF;;SANDTOFT
EGDC;;CHIVENOR
EGDG;NQY;ST MAWGAN
EGDL;LYE;LYNEHAM
EGDM;;BOSCOMBE DOWN
EGDR;;CULDROSE
EGDX;;ST ATHAN
EGDY;YEO;YEOVILTON
EGFE;;HAVERFORDWEST
EGFF;CWL;CARDIFF
EGFH;SWS;SWANSEA
EGGD;BRS;BRISTOL
EGGP;LPL;LIVERPOOL
EGGW;LTN;LUTON
EGHD;PLH;PLYMOUTH
EGHH;BOH;BOURNEMOUTH
EGHI;SOU;SOUTHAMPTON
EGHL;QLA;LASHAM
EGJB;GCI;GUERNSEY
EGJJ;JER;JERSEY
EGKA;ESH;SHOREHAM
EGKB;BQH;BIGGIN HILL
EGKK;LGW;GATWICK
EGLC;LCY;CITY
EGLF;FAB;FARNBOROUGH
EGLJ;;CHALGROVE
EGLK;BBS;BLACKBUSHE
EGLL;LHR;HEATHROW
EGMC;SEN;SOUTHEND
EGMD;LYX;LYDD
EGMH;MSE;MANSTON
EGNB;;BROUGH
EGNC;CAX;CARLISLE
EGNH;BLK;BLACKPOOL
EGNJ;HUY;HUMBERSIDE
EGNL;BWF;WALNEY ISLAND
EGNM;LBA;LEEDS BRADFORD
EGNO;;WARTON
EGNR;CEG;HAWARDEN
EGNS;IOM;ISLE OF MAN
EGNT;NCL;NEWCASTLE
EGNV;MME;TEESSIDE
EGNX;EMA;EAST MIDLANDS
EGOD;;LLANBEDR
EGOE;;TERNHILL
EGOQ;;MONA
EGOS;;SHAWBURY
EGOV;;VALLEY
EGOW;;WOODVALE
EGOY;;WEST FREUGH
EGPA;KOI;KIRKWALL
EGPB;LSI;SUMBURGH
EGPC;WIC;WICK
EGPD;ABZ;DYCE
EGPE;INV;INVERNESS
EGPF;GLA;GLASGOW
EGPH;EDI;EDINBURGH
EGPI;ILY;ISLAY
EGPK;PIK;PRESTWICK
EGPL;BEB;BENBECULA
EGPM;SDZ;SCATSTA
EGPN;DND;DUNDEE
EGPO;SYY;STORNOWAY
EGPU;TRE;TIREE
EGQL;ADX;LEUCHARS
EGQS;LMO;LOSSIEMOUTH
EGRR;;BRACKNELL MET CENTER
EGSC;CBG;CAMBRIDGE
EGSF;;CONINGTON
EGSH;NWI;NORWICH
EGSS;STN;STANSTED
EGSX;;NORTH WEALD
EGSY;;SHEFFIELD CITY
EGTC;;CRANFIELD
EGTD;;DUNSFOLD
EGTE;EXT;EXETER
EGTG;FZO;BRISTOL FILTON
EGTH;HTF;HATFIELD
EGTK;OXF;KIDLINGTON
EGUB;;BENSON
EGUL;;LAKENHEATH
EGUN;MHZ;MILDENHALL
EGUW;;WATTISHAM
EGUY;;WYTON
EGVA;FFD;FAIRFORD
EGVN;BZZ;BRIZE NORTON
EGVO;ODH;ODIHAM
EGWC;;COSFORD
EGWU;NHT;NORTHOLT RAF
EGXC;QCY;CONINGSBY
EGXD;;DISHFORTH
EGXE;;LEEMING
EGXG;;CHURCH FENTON
EGXH;BEQ;HONINGTON
EGXJ;;COTTESMORE
EGXP;;SCAMPTON
EGXT;;WITTERING
EGXU;;LINTON ON OUSE
EGXW;WTN;WADDINGTON
EGXZ;;TOPCLIFFE
EGYC;CLF;COLTISHALL
EGYD;;CRANWELL
EGYE;;BARKSTON HEATH
EGYM;KNF;MARHAM
EGYP;MPN;MOUNT PLEASANT
EHAM;AMS;SCHIPHOL
EHBD;;BUDEL
EHBK;MST;MAASTRICHT
EHDL;;DEELEN
EHDR;;DRACHTEN
EHEH;EIN;EINDHOVEN
EHGG;GRQ;EELDE
EHGR;;GILZE RIJEN
EHKD;DHR;DE KOOY
EHLE;;LELYSTAD
EHLW;LWR;LEEUWARDEN
EHRD;RTM;ROTTERDAM
EHSB;UTC;SOESTERBERG
EHTW;ENS;TWENTHE
EHVB;LID;VALKENBURG
EHWO;WOE;WOENSDRECHT
EICK;ORK;CORK
EICM;GWY;GALWAY
EIDL;;DONEGAL
EIDW;DUB;DUBLIN
EIKN;NOC;CONNAUGHT
EIKY;KIR;KERRY
EIME;;CASEMENT
EINN;SNN;SHANNON
EISG;SXL;SLIGO
EIWF;WAT;WATERFORD
EKAH;AAR;AARHUS
EKBI;BLL;BILLUND
EKCH;CPH;KASTRUP
EKEB;EBJ;ESBJERG
EKGH;;GRONHOLT HILLEROD
EKHO;;LINDTORP
EKKA;KRP;KARUP
EKLS;;LAESO
EKMB;;LOLLAND FALSTER MARIBO
EKOD;ODE;ODENSE
EKPB;;KRUSA PADBORG
EKRK;RKE;ROSKILDE
EKRN;RNN;BORNHOLM RONNE
EKSB;SGD;SONDERBORG
EKSN;;SINDAL
EKSP;SKS;SKRYDSTRUP
EKSV;;SKIVE
EKTS;TED;THISTED
EKVA;;VANDEL
EKVD;;KOLDING VAMDRUP
EKVG;FAE;VAGAR
EKVH;;AARS
EKVJ;STA;STAUNING
EKVL;;VAERLOSE
EKYT;AAL;AALBORG
ELLX;LUX;FINDEL INTERNATIONAL AIRPORT
ENAL;AES;VIGRA
ENAN;ANX;ANDOYA
ENAT;ALF;ALTA
ENBL;;BRINGELAND
ENBM;;BOEMOEN
ENBN;BNN;BRONNOY
ENBO;BOO;BODO
ENBR;BGO;BERGEN FLESLAND
ENBS;BJF;BATSFJORD
ENCN;KRS;KRISTIANSAND KJEVIK
ENDI;;DAGALI
ENDU;BDU;BARDUFOSS
ENEV;EVE;EVENES
ENFB;FBU;OSLO FORNEBU
ENFG;VDB;FAGERNES LEIRIN
ENFL;FRO;FLORO
ENGM;OSL;OSLO GARDERMOEN
ENHA;HMR;STAFSBERG
ENHD;HAU;HAUGESUND KARMOY
ENHK;HAA;HASVIK
ENKB;KSU;KRISTIANSUND KVERNBERGET
ENKJ;;KJELLER
ENKR;KKN;KIRKENES HOYBUKTMOEN
ENLI;FAN;LISTA
ENML;MOL;ARO
ENMS;MJF;KJAERSTAD
ENNA;LKL;BANAK
ENNO;;NOTODDEN
ENOL;OLA;ORLAND
ENRO;RRS;ROEROS
ENRY;;RYGGE
ENSB;LYR;SVALBARD LONGYEAR
ENSG;SOG;SOGNDAL HAUKASEN
ENSN;SKE;SKIEN GEITERYGGEN
ENSO;SRP;SOERSTOKKEN
ENSR;SOJ;SORKJOSEN
ENSS;;SVARTNES
ENST;SSJ;STOKKA
ENTC;TOS;TROMSO
ENTO;TRF;TORP
ENVA;TRD;TRONDHEIM VAERNES
ENZV;SVG;STAVANGER SOLA
EPGD;GDN;REBIECHOWO
EPKK;KRK;BALICE JP II INTERNATIONAL AIRPORT
EPKM;;MUCHOWIEC
EPKO;;ZEGRZE POMORSKIE
EPKT;KTW;PYRZOWICE
EPLL;;LUBLINEK
EPML;;MIELEC
EPPO;POZ;LAWICA
EPRZ;RZE;JASIONKA
EPSC;SZZ;GOLENIOW
EPSD;;DABIE
EPSK;OSP;REDZIKOWO
EPSN;;SWIDWIN
EPWA;WAW;OKECIE
EPWR;WRO;STRACHOWICE
EPZG;IEG;BABIMOST
ESCF;;MALMEN
ESCK;;BRAVALLA
ESCM;;UPPSALA
ESCN;;TULLINGE
ESDB;AGH;ANGELHOLM
ESDF;RNB;RONNEBY
ESFH;;HASSLOSA
ESFI;;KNISLINGE
ESFM;;MOHOLM
ESFQ;;KOSTA
ESFR;;RADA
ESFY;;BYHOLMA
ESGG;GOT;LANDVETTER
ESGJ;JKG;JONKOPING
ESGK;;FALKOPING
ESGL;LDK;LIDKOPING
ESGP;GSE;SAVE
ESGR;KVB;SKOVDE
ESGT;THN;TROLLHATTAN VANERSBORG
ESIA;;KARLSBORG
ESIB;;SATENAS
ESKA;;GIMO
ESKB;;BARKARBY
ESKK;KSK;KARLSKOGA
ESKM;MXX;MORA
ESKN;NYO;SKAVSTA
ESKS;;STRANGNAS
ESKV;;ARVIKA
ESKX;;BJORKVIK
ESMA;;EMMABODA
ESMG;;FERINGE
ESMK;KID;KRISTIANSTAD
ESML;JLD;LANDSKRONA
ESMO;OSK;OSKARSHAMN
ESMP;;ANDERSTORP
ESMQ;KLR;KALMAR
ESMS;MMX;STURUP
ESMT;HAD;HALMSTAD
ESMV;;HAGSHULT
ESMX;VXO;KRONOBERG
ESNA;;HALLVIKEN
ESNC;;HEDLANDA
ESND;EVG;SVEG
ESNF;;FARILA
ESNG;GEV;GALLIVARE
ESNH;HUV;HUDIKSVALL
ESNI;;KUBBE
ESNJ;;JOKKMOKK
ESNK;KRF;KRAMFORS SOLLEFTEA
ESNL;LYC;LYCKSELE
ESNM;;OPTAND
ESNN;SDL;SUNDSVALL HARNOSAND
ESNO;OER;ORNSKOLDSVIK
ESNP;;PITEA
ESNQ;KRN;KIRUNA
ESNR;;ORSA
ESNS;SFT;SKELLEFTEA
ESNT;;SATTNA
ESNU;UME;UMEA
ESNV;VHM;VILHELMINA
ESNX;AJR;ARVIDSJAUR
ESOE;ORB;OREBRO
ESOH;;HAGFORS
ESOW;VST;VASTERAS
ESPA;LLA;KALLAX
ESPC;OSD;FROSON
ESPE;;VIDSEL
ESPJ;;HEDEN
ESQO;;ARBOGA
ESSA;ARN;ARLANDA
ESSB;BMA;BROMMA
ESSD;BLE;BORLANGE
ESSF;HLF;HULTSFRED
ESSK;GVX;GAVLE SANDVIKEN
ESSL;LPI;SAAB
ESSP;NRK;KUNGSANGEN
ESST;;TORSBY
ESSU;;ESKILSTUNA
ESSV;VBY;VISBY
ESUA;;AMSELE
ESUD;;STORUMAN
ESUE;;IDRE
ESUF;;FALLFORS
ESUK;;KALIXFORS
ESUT;;HEMAVAN
ETAD;SPM;SPANGDAHLEM AB
ETAR;RMS;RAMSTEIN AB
ETEJ;;BAMBERG AAF
ETEK;;BAUMHOLDER AAF
ETEU;GHF;GIEBELSTADT AAF
ETHB;;BUCKEBURG
ETHC;ZCN;CELLE
ETHE;;RHEINE BENTLAGE
ETHF;;FRITZLAR
ETHI;;ITZEHOE HUNGRIGER WOLF
ETHL;;LAUPHEIM
ETHM;;MENDIG
ETHN;;NIEDERSTETTEN
ETHR;;ROTH
ETHS;;FASSBERG
ETHT;;COTTBUS
ETIC;;GRAFENWOHR AAF
ETID;ZNF;HANAU AAF
ETIE;QHD;HEIDELBERG AAF
ETIH;;HOHENFELS AAF
ETIN;;KITZINGEN AAF
ETME;;EGGEBEK
ETMN;;NORDHOLZ
ETND;;DIEPHOLZ
ETNG;GKE;GEILENKIRCHEN
ETNH;;HOHN
ETNJ;;JEVER
ETNL;RLG;LAAGE
ETNN;;NORVENICH
ETNP;;HOPSTEN
ETNR;;PRESCHEN
ETNS;;SCHLESWIG
ETNT;;WITTMUNDHAFEN
ETNU;;NEUBRANDENBURG
ETNW;;WUNSTORF
ETOI;;VILSECK AAF
ETOR;;COLEMAN AAF
ETOU;;WIESBADEN AAF
ETSA;;LANDSBERG LECH
ETSB;;BUCHEL
ETSE;;ERDING
ETSF;FEL;FURSTENFELDBRUCK
ETSH;;HOLZDORF
ETSI;;INGOLSTADT MANCHING
ETSL;;LECHFELD
ETSM;;MEMMINGEN
ETSN;;NEUBURG
ETUL;LRC;LAARBRUCH
ETUO;GUT;GUTERSLOH
ETUR;BGN;BRUGGEN
FAAB;ALJ;ALEXANDER BAY
FAAG;AGZ;AGGENEYS
FAAP;;ARNOT POWER STATION
FABB;;BRAKPAN
FABE;VIY;BISHO
FABL;BFN;BLOEMFONTEIN
FABM;;BETHLEHEM
FABO;;BOTHAVILLE
FACR;;CARLETONVILLE
FACT;CPT;CAPE TOWN INTERNATIONAL
FACV;;CALVINIA
FADA;;DE AAR MILITARY
FADB;;DWAALBOOM
FADD;;DUNDEE
FADN;DUR;DURBAN INTERNATIONAL
FAEL;ELS;EAST LONDON
FAEO;;ERMELO
FAER;ELL;ELLISRAS
FAFB;;FICKSBURG SENTRAOES
FAGC;GCJ;GRAND CENTRAL
FAGG;GRJ;GEORGE
FAGI;;GIYANI
FAGM;HCS;RAND
FAGT;;GRAHAMSTOWN
FAGY;;GREYTOWN
FAHA;;HARMONY
FAHE;;HENDRINA
FAHG;GHC;HEIDELBERG
FAHO;;HEILBRON
FAHR;;HARRISMITH
FAHS;HDS;HOEDSPRUIT AFS
FAHV;;GARIEP DAM
FAJS;JNB;JOHANNESBURG INTERNATIONAL
FAKD;;KLERKSDORP
FAKG;;KOMATI POWER STATION
FAKL;;KRIEL
FAKM;KIM;KIMBERLEY
FAKP;;KOMATIPOORT
FAKR;;KRUGERSDORP
FAKS;;KROONSTAD
FAKU;;JOHAN PIENAAR
FAKZ;KLZ;KLEINSEE
FALA;HLA;LANSERIA
FALB;;LADYBRAND
FALI;;LICHTENBURG
FALT;LCD;LOUIS TRICHARDT AFB
FALW;;LANGEBAANWEG
FALY;LAY;LADYSMITH
FAMB;;MIDDELBURG
FAMG;MGH;MARGATE
FAMI;;MARBLE HALL
FAMJ;;MAJUBA POWER STATION
FAMK;MFK;MAFIKENG NORTH
FAMM;MBO;MAFIKENG
FAMN;;MALELANE
FAMS;MEZ;MESSINA
FAMU;;MKUZI
FANC;NCS;NEWCASTLE
FANS;NLP;NELSPRUIT
FANY;;NYLSTROOM
FAOB;;OVERBERG
FAOH;DUH;OUDTSHOORN
FAPB;;PIETERSBURG INTERNATIONAL
FAPE;PLZ;PORT ELIZABETH
FAPG;;PLETTENBERG BAY
FAPH;PHW;PHALABORWA
FAPI;PTG;PIETERSBURG MUNI
FAPJ;;PORT ST JOHNS
FAPM;PZB;PIETERMARITZBURG
FAPN;NTY;PILANESBERG
FAPP;;POTGIETERSRUS
FAPQ;;POMFRET
FAPS;;POTCHEFSTROOM
FAPY;;PARYS
FAQT;UTW;QUEENSTOWN
FARB;RCB;RICHARDS BAY
FARG;;RUSTENBURG
FARS;;ROBERTSON
FASB;SBU;SPRINGBOK
FASC;;SECUNDA
FASD;;SALDANHA VREDENBURG
FASI;;SPRINGS
FASK;;SWARTKOP
FASS;SIS;SISHEN
FASU;;SACE
FASZ;SZK;SKUKUZA
FATF;;TOMMYS FLD
FATH;THY;P R MPHEPHU
FATN;TCU;THABA NCHU
FATP;;NEW TEMPE
FATT;;TUTUKA POWER STATION
FATZ;LTA;TZANEEN
FAUL;ULD;PRINCE MANGOSUTHU BUTHELEZI
FAUP;UTN;UPINGTON
FAUT;UTT;UMTATA
FAVB;VRU;VRYBURG
FAVG;VIR;VIRGINIA
FAVP;;VANDERBIJLPARK
FAVR;;VREDENDAL
FAVV;;VEREENIGING
FAVY;VYD;VRYHEID
FAWB;PRY;WONDERBOOM
FAWI;;WITBANK
FAWK;;WATERKLOOF AFB
FAWM;WEL;WELKOM
FAWS;;WESSELSBRON
FAYP;;YSTERPLAAT
FAZR;;ZEERUST
FBFT;FRW;FRANCISTOWN
FBJW;JWA;JWANENG
FBKE;BBK;KASANE
FBMN;MUB;MAUN
FBOR;ORP;ORAPA
FBSK;GBE;SIR SERETSE KHAMA INTERNATIONAL
FBSP;PKW;SELEBI PHIKWE
FCBB;BZV;BRAZZAVILLE MAYA MAYA
FCOI;ION;IMPFONDO
FCOM;MKJ;MAKOUA
FCOO;FTX;OWANDO
FCOU;OUE;OUESSO
FCPA;KMK;MAKABANA
FCPD;DIS;DOLISIE
FCPP;PNR;POINTE NOIRE
FDMS;MTS;MATSAPHA
FEFF;BGF;BANGUI M POKO
FEFG;BGU;BANGASSOU
FEFI;IRO;BIRAO
FEFM;BBY;BAMBARI
FEFN;NDL;NDELE
FEFO;BOP;BOUAR
FEFR;BIV;BRIA
FEFT;BBT;BERBERATI
FEFY;AIG;YALINGA
FGBT;BSG;BATA
FGSL;SSG;MALABO
FHAW;;ASCENSION AUX AF
FIMP;MRU;SIR SEEWOOSAGUR RAMGOOLAM INTERNATIONAL
FIMR;RRG;PLAINE CORAIL
FJDG;;DIEGO GARCIA NSF
FKKC;TKC;TIKO
FKKD;DLA;DOUALA
FKKI;OUR;BATOURI
FKKL;MVR;MAROUA SALAK
FKKM;FOM;FOUMBAN NKOUNJA
FKKN;NGE;NGAOUNDERE
FKKR;GOU;GAROUA
FKKU;BFX;BAFOUSSAM
FKKV;BPC;BAMENDA
FKKY;YAO;YAOUNDE
FLKE;;KASOMPE
FLKL;;KALABO
FLLI;LVI;LIVINGSTONE
FLLS;LUN;LUSAKA INTERNATIONAL
FLMA;;MANSA
FLMF;MFU;MFUWE
FLMG;;MONGU
FLML;;MUFULIRA
FLND;NLA;NDOLA
FLSO;KIW;SOUTHDOWNS
FLZB;;ZAMBEZI
FMCH;HAH;MORONI HAHAIA
FMCI;NWA;MOHELI BANDAR ES SALAM
FMCN;YVA;MORONI ICONI
FMCV;AJN;ANJOUAN OUANI
FMCZ;DZA;DZAOUDZI PAMANZI
FMEE;RUN;ST DENIS GILLOT
FMEP;ZSE;ST PIERRE PIERREFONDS
FMMI;TNR;ANTANANARIVO IVATO
FMMN;ZVA;MIANDRIVAZO
FMMS;SMS;SAINTE MARIE
FMMT;TMM;TOAMASINA
FMMV;MOQ;MORONDAVA
FMNA;DIE;ANTSIRANANA ARRACHART
FMNC;WMR;MANANARA AVARATRA
FMND;ZWA;ANDAPA
FMNE;AMB;AMBILOBE MAHAVAVY
FMNH;ANM;ANTALAHA ANTSIRABATO
FMNL;HVA;ANALALAVA
FMNM;MJN;MAHAJANGA PHILIBERT TSIRANANA
FMNN;NOS;NOSY BE FASCENE
FMNQ;BPY;BESALAMPY
FMNR;WMN;MAROANTSETRA
FMNS;SVB;SAMBAVA SUD
FMNV;VOH;VOHIMARINA
FMNW;WAI;ANTSOHIHY AMBALABE
FMNZ;;AMPAMPAMENA
FMSD;FTU;TOLAGNARO
FMSF;WFI;FIANARANTSOA
FMSG;RVA;FARAFANGANA
FMSK;WVK;MANAKARA SUD
FMSM;MNJ;MANANJARY
FMSR;MXM;MOROMBE
FMST;TLE;TOLIARA
FNBC;SSY;MBANZA CONGO
FNBG;BUG;BENGUELA
FNCA;CAB;CABINDA
FNCH;PGI;CHITATO
FNCX;;CAMAXILO
FNCZ;CAV;CAZOMBO
FNGI;NGV;NGIVA
FNHU;NOV;HUAMBO
FNKU;SVP;KUITO
FNLB;;LOBITO
FNLU;LAD;LUANDA 4 DE FEVEREIRO
FNMA;MEG;MALANJE
FNME;SPP;MENONGUE
FNMO;;NAMIBE
FNNG;GXG;NEGAGE
FNPA;PBN;PORTO AMBOIM
FNSA;VHC;SAURIMO
FNSO;SZA;SOYO
FNTO;;TOTO
FNUE;LUO;LUENA
FNUG;UGO;UIGE
FNXA;XGN;XANGONGO
FOGO;OYE;OYEM
FOGQ;OKN;OKONDJA
FOGR;LBQ;LAMBARENE
FOOB;BMM;BITAM
FOOD;MFF;MOANDA
FOOG;POG;PORT GENTIL
FOOH;OMB;OMBOUE HOPITAL
FOOK;MKU;MAKOKOU
FOOL;LBV;LIBREVILLE LEON M BA
FOOM;MZC;MITZIC
FOON;MVB;FRANCEVILLE MVENGUE
FOOR;LTL;LASTOURVILLE
FOOT;TCH;TCHIBANGA
FPPR;PCP;PRINCIPE
FPST;TMS;SAO TOME INTERNATIONAL
FQBR;BEW;BEIRA
FQCB;FXO;CUAMBA
FQCH;;CHIMOIO
FQES;;ESTIMA
FQIN;INH;INHAMBANE
FQLC;VXC;LICHINGA
FQLU;;LUMBO
FQMA;MPM;MAPUTO
FQMD;;MUEDA
FQMP;MZB;MOCIMBOA DA PRAIA
FQMR;;MARRUPA
FQNC;MNC;NACALA
FQNP;APL;NAMPULA
FQPB;POL;PEMBA
FQQL;UEL;QUELIMANE
FQSG;;SONGO
FQTT;TET;TETE CHINGOZI
FQUG;;ULONGWE
FQVL;VNX;VILANKULO
FSAL;;ALPHONSE
FSDR;DES;DESROCHES
FSFA;;FARQUHAR
FSIA;SEZ;SEYCHELLES INTERNATIONAL
FSPP;PRI;PRASLIN
FSSC;;COETIVY
FTTA;SRH;SARH
FTTC;AEH;ABECHE
FTTD;MQQ;MOUNDOU
FTTJ;NDJ;NDJAMENA
FTTP;PLF;PALA
FTTY;FYT;FAYA LARGEAU
FVBU;BUQ;JOSHUA MQABUKO NKOMO INTERNATIONAL
FVCP;;HARARE CHARLES PRINCE
FVCZ;BFO;CHIREDZI BUFFALO RANGE
FVFA;VFA;VICTORIA FALLS INTERNATIONAL
FVGR;UTA;MUTARE GRAND REEF
FVHA;HRE;HARARE INTERNATIONAL
FVKB;KAB;KARIBA INTERNATIONAL
FVMT;;MUTOKO
FVMU;;MUTARE
FVMV;MVZ;MASVINGO
FVSH;;ZVISHAVANE
FVTL;GWE;GWERU THORNHILL
FVWN;WKM;HWANGE NATIONAL PARK
FVZC;;ZISCO
FWCL;BLZ;CHILEKA INTERNATIONAL
FWKA;KGJ;KARONGA
FWKG;;KASUNGU
FWMG;;MARIANNA MUNI
FWUU;ZZU;MZUZU
FXMM;MSU;MOSHOESHOE I INTERNATIONAL
FXMU;;MEJAMETALANA
FZAA;FIH;KINSHASA NDJILI INTERNATIONAL
FZAB;NLO;KINSHASA NDOLO
FZAG;MNB;MUANDA
FZAI;;KITONA BASE
FZAM;MAT;MATADI TSHIMPI
FZBO;FDU;BANDUNDU
FZCA;KKW;KIKWIT
FZEA;MDK;MBANDAKA
FZFD;BDT;GBADOLITE
FZFK;GMA;GEMENA
FZFP;;KOTAKOLI
FZGA;LIQ;LISALA
FZIA;FKI;KISANGANI SIMISINI
FZJH;IRP;ISIRO MATARI
FZKA;BUX;BUNIA
FZKJ;;BUTA ZEGA
FZMA;BKY;BUKAVU KAVUMU
FZNA;GOM;GOMA
FZOA;KND;KINDU
FZQA;FBM;LUBUMBASHI INTERNATIONAL
FZQM;KWZ;KOLWEZI
FZRF;FMI;KALEMIE
FZSA;KMN;KAMINA BASE
FZTL;;LUENA
FZUA;KGA;KANANGA
FZWA;MJM;MBUJI MAYI
GABS;BKO;BAMAKO SENOU
GAGO;GAQ;GAO
GAKY;KYS;KAYES
GAMB;MZI;MOPTI AMBODEDJO
GANR;NIX;NIORO
GATB;TOM;TOMBOUCTOU
GATS;;TESSALIT
GBYD;BJL;BANJUL INTERNATIONAL
GCFV;FUE;FUERTEVENTURA
GCHI;VDE;HIERRO
GCLA;SPC;LA PALMA
GCLP;LPA;GRAN CANARIA
GCRR;ACE;LANZAROTE
GCTS;TFS;TENERIFE SUR
GCXO;TFN;TENERIFE NORTE
GEML;MLN;MELILLA
GFHA;HGS;HASTINGS
GFLL;FNA;FREETOWN LUNGI
GGCF;;CUFAR
GGOV;BXO;BISSAU OSWALDO VIEIRA INTERNATIONAL
GLMR;MLW;MONROVIA SPRIGGS PAYNE
GLRB;ROB;MONROVIA ROBERTS INTERNATIONAL
GMAA;AGA;INEZGANE
GMAT;TTA;PLAGE BLANCHE
GMFF;FEZ;SAISS
GMFI;;IFRANE
GMFK;ERH;MOULAY ALI CHERIF
GMFM;MEK;BASSATINE
GMFN;;TAOUIMA
GMFO;OUD;ANGADS
GMMC;CAS;ANFA
GMME;RBA;SALE
GMMF;SII;SIDI IFNI
GMMI;;ESSAOUIRA
GMMN;CMN;MOHAMMED V
GMMX;RAK;MENARA
GMMY;NNA;KENITRA
GMMZ;OZZ;OUARZAZATE
GMTA;AHU;CHERIF EL IDRISSI
GMTN;TTU;SANIAT RMEL
GMTT;TNG;IBN BATOUTA
GOGG;ZIG;ZIGUINCHOR
GOGK;KDA;KOLDA
GOGS;CSK;CAP SKIRING
GOOK;KLC;KAOLACK
GOOY;DKR;LEOPOLD SEDAR SENGHOR INTERNATIONAL
GOSS;XLS;SAINT LOUIS
GOTB;BXE;BAKEL
GOTK;KGG;KEDOUGOU
GOTT;TUD;TAMBACOUNDA
GQNA;IEO;AIOUN EL ATROUSS
GQND;TIY;TIDJIKJA
GQNF;KFA;KIFFA
GQNI;EMN;NEMA
GQNK;KED;KAEDI
GQNN;NKC;NOUAKCHOTT
GQNS;SEY;SELIBADY
GQPA;ATR;ATAR
GQPP;NDB;NOUADHIBOU
GQPT;;BIR MOGHREIN
GUFA;FIG;FRIA
GUFH;FAA;FARANAH
GULB;LEK;LABE
GUMA;MCA;MACENTA
GUNZ;NZE;NZEREKORE
GVAC;SID;AMILCAR CABRAL INTERNATIONAL
GVBA;BVC;RABIL
GVFM;RAI;FRANCISCO MENDES
GVMA;MMO;MAIO
GVSN;SNE;PREGUICA
GVSV;VXE;SAO PEDRO
HAAB;ADD;BOLE INTERNATIONAL
HAAL;;LIDETA
HABD;BJR;BAHIR DAR
HADR;DIR;ABA TENNA DEJAZMATCH YILMA INTERNATIONAL
HAGM;GMB;GAMBELLA
HAGN;GDQ;GONDER
HAHM;;HARAR MEDA
HAJM;JIM;ABA SEGUD
HALL;LLI;LALIBELLA
HAMK;MQX;MEKELE
HBBA;BJM;BUJUMBURA INTERNATIONAL
HCMB;;BAIDOA
HCMH;HGA;HARGEISA
HCMI;BBO;BERBERA
HCMK;KMU;KISIMAYU
HCMM;MGQ;MOGADISHU
HEAR;;EL ARISH INTERNATIONAL
HEAT;;ASYUT INTERNATIONAL
HEAX;ALY;ALEXANDRIA INTERNATIONAL
HEBL;ABS;ABU SIMBEL
HECA;CAI;CAIRO INTERNATIONAL
HECW;;CAIRO WEST
HEEM;;EMBABA
HEGN;HRG;HURGHADA INTERNATIONAL
HEGR;;EL GORA
HELX;LXR;LUXOR INTERNATIONAL
HEMM;MUH;MERSA MATRUH
HEPS;PSD;PORT SAID
HESC;SKV;ST CATHERINE INTERNATIONAL
HESN;ASW;ASWAN INTERNATIONAL
HETR;ELT;EL TOR
HKEL;EDL;ELDORET INTERNATIONAL
HKGA;GAS;GARISSA
HKIS;;ISIOLO
HKKG;;KAKAMEGA
HKKI;KIS;KISUMU
HKKT;KTL;KITALE
HKLK;;LOKICHOGGIO
HKLO;LOK;LODWAR
HKLU;LAU;LAMU MANDA
HKLY;LOY;LOYENGALANI
HKMA;NDE;MANDERA
HKMB;RBT;MARSABIT
HKMK;;MULIKA
HKML;MYD;MALINDI
HKMO;MBA;MOI INTERNATIONAL
HKMY;OYL;MOYALE LOWER
HKNI;NYE;NYERI
HKNV;;NAIVASHA
HKNW;WIL;NAIROBI WILSON
HKNY;NYK;NANYUKI
HKRE;;NAIROBI EASTLEIGH
HKWJ;WJR;WAJIR
HLFL;;BU ATTIFEL
HLGL;;WAREHOUSE 59E
HLGT;GHT;GHAT
HLKF;AKF;KUFRA
HLLB;BEN;BENINA
HLLQ;;EL BEIDA
HLLS;SEB;SEBHA
HLLT;TIP;TRIPOLI INTERNATIONAL
HLMB;;MARSA BREGA
HLNF;;RAS LANUF OIL
HLON;;HON
HLRA;;DAHRA
HLTD;LTD;GHADAMES EAST
HLZA;;ZELLA 74
HRYG;GYI;GISENYI
HRYR;KGL;KIGALI INTERNATIONAL
HRZA;KME;KAMEMBE
HSDN;DOG;DONGOLA
HSDZ;;DAMAZIN
HSFS;ELF;EL FASHER
HSKA;KSL;KASSALA
HSNL;UYL;NYALA
HSOB;EBD;EL OBEID
HSSJ;JUB;JUBA
HSSM;MAK;MALAKAL
HSSP;PZU;PORT SUDAN
HSSS;KRT;KHARTOUM
HSWW;WUU;WAU
HTAR;ARK;ARUSHA
HTDA;DAR;DAR ES SALAAM
HTDO;DOD;DODOMA
HTIR;IRI;IRINGA
HTKJ;JRO;KILIMANJARO INTERNATIONAL
HTLM;;LAKE MANYARA
HTMD;;MWADUI
HTMS;QSI;MOSHI
HTMT;MYW;MTWARA
HTMW;MWZ;MWANZA
HTNG;;NGERENGERE
HTPE;PMA;PEMBA
HTTG;TGT;TANGA
HTZA;ZNZ;ZANZIBAR
HUEN;EBB;ENTEBBE INTERNATIONAL
HUGU;;GULU
HUSO;SRT;SOROTI
KABI;ABI;ABILENE RGNL
KACK;ACK;NANTUCKET MEM
KACT;ACT;WACO RGNL
KACY;ACY;ATLANTIC CITY INTERNATIONAL
KADM;ADM;ARDMORE MUNI
KADW;ADW;ANDREWS AFB
KAEX;AEX;ALEXANDRIA INTERNATIONAL
KAGS;AGS;AUGUSTA RGNL AT BUSH FLD
KAKR;AKR;AKRON FULTON INTERNATIONAL
KALB;ALB;ALBANY INTERNATIONAL
KALI;ALI;ALICE INTERNATIONAL
KAMA;AMA;AMARILLO INTERNATIONAL
KANB;ANB;ANNISTON METROPOLITAN
KAND;AND;ANDERSON RGNL
KAOO;AOO;ALTOONA BLAIR CO
KAPG;APG;PHILLIPS AAF
KARA;ARA;ACADIANA REGIONAL
KART;ART;WATERTOWN INTERNATIONAL
KATL;ATL;THE WILLIAM B HARTSFIELD ATLANTA INTERNATIONAL
KAUG;AUG;AUGUSTA STATE
KAUS;AUS;AUSTIN BERGSTROM INTERNATIONAL
KBAB;BAB;BEALE AFB
KBAD;BAD;BARKSDALE AFB
KBCT;BCT;BOCA RATON
KBDE;BDE;BAUDETTE INTERNATIONAL
KBDL;BDL;BRADLEY INTERNATIONAL
KBDR;BDR;IGOR I SIKORSKY MEM
KBED;BED;LAURENCE G HANSCOM FLD
KBFI;BFI;BOEING FLD KING CO INTERNATIONAL
KBFL;BFL;MEADOWS FLD
KBFM;BFM;MOBILE DOWNTOWN
KBGR;BGR;BANGOR INTERNATIONAL
KBHM;BHM;BIRMINGHAM INTERNATIONAL
KBIF;BIF;BIGGS AAF
KBIX;BIX;KEESLER AFB
KBKF;BKF;BUCKLEY AFB
KBLI;BLI;BELLINGHAM INTERNATIONAL
KBLV;BLV;SCOTT AFB MIDAMERICA
KBNA;BNA;NASHVILLE INTERNATIONAL
KBOI;BOI;BOISE AIR TERMINAL
KBOS;BOS;GENERAL EDWARD LAWRENCE LOGAN INTERNATIONAL
KBPT;BPT;SOUTHEAST TEXAS RGNL
KBRO;BRO;BROWNSVILLE SOUTH PADRE ISLAND INTERNATIONAL
KBTR;BTR;BATON ROUGE METRO RYAN FLD
KBTV;BTV;BURLINGTON INTERNATIONAL
KBUF;BUF;BUFFALO NIAGARA INTERNATIONAL
KBUR;BUR;BURBANK GLENDALE PASADENA
KBWI;BWI;BALTIMORE WASHINGTON INTERNATIONAL
KBYH;BYH;ARKANSAS INTERNATIONAL
KBYS;BYS;BICYCLE LAKE AAF
KCAE;CAE;COLUMBIA METROPOLITAN
KCAR;CAR;CARIBOU MUNI
KCBM;CBM;COLUMBUS AFB
KCDC;CDC;CEDAR CITY RGNL
KCDS;CDS;CHILDRESS MUNI
KCEF;CEF;WESTOVER ARB METROPOLITAN
KCEW;CEW;BOB SIKES
KCFD;CFD;COULTER FLD
KCHA;CHA;LOVELL FLD
KCHS;CHS;CHARLESTON AFB INTERNATIONAL
KCIC;CIC;CHICO MUNI
KCLE;CLE;CLEVELAND HOPKINS INTERNATIONAL
KCLL;CLL;EASTERWOOD FLD
KCLT;CLT;CHARLOTTE DOUGLAS INTERNATIONAL
KCMH;CMH;PORT COLUMBUS INTERNATIONAL
KCNM;CNM;CAVERN CITY AIR TERMINAL
KCNW;CNW;TSTC WACO
KCOF;COF;PATRICK AFB
KCOS;COS;CITY OF COLORADO SPRINGS MUNI
KCOT;COT;COTULLA LA SALLE CO
KCOU;COU;COLUMBIA RGNL
KCPR;CPR;NATRONA CO INTERNATIONAL
KCRP;CRP;CORPUS CHRISTI INTERNATIONAL
KCTB;CTB;CUT BANK MUNI
KCVG;CVG;CINCINNATI NORTHERN KENTUCKY INTERNATIONAL
KCVS;CVS;CANNON AFB
KCXL;CXL;CALEXICO INTERNATIONAL
KCXO;CXO;MONTGOMERY CO
KCYS;CYS;CHEYENNE
KDAL;DAL;DALLAS LOVE FLD
KDAY;DAY;JAMES M COX DAYTON INTERNATIONAL
KDCA;DCA;RONALD REAGAN WASHINGTON NATIONAL
KDEN;DEN;DENVER INTERNATIONAL
KDET;DET;DETROIT CITY
KDFW;DFW;DALLAS FORT WORTH INTERNATIONAL
KDHN;DHN;DOTHAN RGNL
KDHT;DHT;DALHART MUNI
KDLF;DLF;LAUGHLIN AFB
KDLH;DLH;DULUTH INTERNATIONAL
KDMA;DMA;DAVIS MONTHAN AFB
KDOV;DOV;DOVER AFB
KDPA;DPA;DU PAGE
KDRI;DRI;BEAUREGARD PARISH
KDRO;DRO;DURANGO LA PLATA CO
KDRT;DRT;DEL RIO INTERNATIONAL
KDSM;DSM;DES MOINES INTERNATIONAL
KDTW;DTW;DETROIT METRO WAYNE CO
KDUG;DUG;BISBEE DOUGLAS INTERNATIONAL
KDYS;DYS;DYESS AFB
KECG;ECG;ELIZABETH CITY CGAS RGNL
KEDW;EDW;EDWARDS AFB
KEFD;EFD;ELLINGTON FLD
KEGP;EGP;EAGLE PASS MUNI
KEKN;EKN;ELKINS RANDOLPH CO JENNINGS RANDOLPH
KELD;ELD;SOUTH ARKANSAS RGNL AT GOODWIN FLD
KELP;ELP;EL PASO INTERNATIONAL
KEND;END;VANCE AFB
KENV;ENV;WENDOVER
KESF;ESF;ESLER RGNL
KEWN;EWN;CRAVEN CO RGNL
KEWR;EWR;NEWARK LIBERTY INTERNATIONAL
KEYW;EYW;KEY WEST INTERNATIONAL
KFAF;FAF;FELKER AAF
KFAT;FAT;FRESNO YOSEMITE INTERNATIONAL
KFCS;FCS;BUTTS AAF
KFFO;FFO;WRIGHT PATTERSON AFB
KFHU;FHU;SIERRA VISTA MUNI LIBBY AAF
KFLL;FLL;FORT LAUDERDALE HOLLYWOOD INTERNATIONAL
KFLO;FLO;FLORENCE RGNL
KFLV;FLV;SHERMAN AAF
KFME;;TIPTON
KFMH;FMH;OTIS ANGB
KFMN;FMN;FOUR CORNERS RGNL
KFMY;FMY;PAGE FLD
KFOD;FOD;FORT DODGE RGNL
KFOE;FOE;FORBES FLD
KFOK;FOK;THE FRANCIS S GABRESKI
KFRI;FRI;MARSHALL AAF
KFSI;FSI;HENRY POST AAF
KFSM;FSM;FORT SMITH RGNL
KFTK;FTK;GODMAN AAF
KFTW;FTW;FORT WORTH MEACHAM INTERNATIONAL
KFXE;FXE;FORT LAUDERDALE EXECUTIVE
KFYV;FYV;DRAKE FLD
KGAG;GAG;GAGE
KGCK;GCK;GARDEN CITY RGNL
KGEG;GEG;SPOKANE INTERNATIONAL
KGFK;GFK;GRAND FORKS INTERNATIONAL
KGGG;GGG;EAST TEXAS RGNL
KGLS;GLS;SCHOLES INTERNATIONAL AT GALVESTON
KGNT;GNT;GRANTS MILAN MUNI
KGNV;GNV;GAINESVILLE RGNL
KGRB;GRB;AUSTIN STRAUBEL INTERNATIONAL
KGRF;GRF;GRAY AAF
KGRK;GRK;ROBERT GRAY AAF
KGRR;GRR;GERALD R FORD INTERNATIONAL
KGSB;GSB;SEYMOUR JOHNSON AFB
KGTB;GTB;WHEELER SACK AAF
KGTF;GTF;GREAT FALLS INTERNATIONAL
KGUS;GUS;GRISSOM ARB
KGVT;GVT;MAJORS
KGVW;GVW;RICHARDS GEBAUR MEMORIAL
KGWO;GWO;GREENWOOD LEFLORE
KHBR;HBR;HOBART MUNI
KHFD;HFD;HARTFORD BRAINARD
KHHR;HHR;JACK NORTHROP FLD HAWTHORNE MUNI
KHIB;HIB;CHISHOLM HIBBING
KHIF;HIF;HILL AFB
KHKY;HKY;HICKORY RGNL
KHLN;HLN;HELENA RGNL
KHLR;HLR;HOOD AAF
KHMN;HMN;HOLLOMAN AFB
KHOB;HOB;LEA CO RGNL
KHON;HON;HURON RGNL
KHOP;HOP;CAMPBELL AAF
KHOU;HOU;WILLIAM P HOBBY
KHPN;HPN;WESTCHESTER CO
KHRL;HRL;VALLEY INTERNATIONAL
KHRO;HRO;BOONE CO
KHRT;HRT;HURLBURT FLD
KHST;HST;HOMESTEAD ARB
KHTL;HTL;ROSCOMMON CO
KHUA;HUA;REDSTONE AAF
KHUF;HUF;TERRE HAUTE INTERNATIONAL HULMAN FLD
KHUL;HUL;HOULTON INTERNATIONAL
KHVR;HVR;HAVRE CITY CO
KHWO;HWO;NORTH PERRY
KIAB;IAB;MC CONNELL AFB
KIAD;IAD;WASHINGTON DULLES INTERNATIONAL
KIAG;IAG;NIAGARA FALLS INTERNATIONAL
KIAH;IAH;GEORGE BUSH INTCNTL HOUSTON
KICT;ICT;WICHITA MID CONTINENT
KIKK;IKK;GREATER KANKAKEE
KIKR;ABQ;ALBUQUERQUE INTERNATIONAL SUNPORT
KILG;ILG;NEW CASTLE CO
KILM;ILM;WILMINGTON INTERNATIONAL
KIND;IND;INDIANAPOLIS INTERNATIONAL
KINK;INK;WINKLER CO
KINL;INL;FALLS INTERNATIONAL
KINS;INS;INDIAN SPRINGS AF AUX
KINT;INT;SMITH REYNOLDS
KIPL;IPL;IMPERIAL CO
KIPT;IPT;WILLIAMSPORT RGNL
KISN;ISN;SLOULIN FLD INTERNATIONAL
KISP;ISP;LONG ISLAND MAC ARTHUR
KJAN;JAN;JACKSON INTERNATIONAL
KJAX;JAX;JACKSONVILLE INTERNATIONAL
KJBR;JBR;JONESBORO MUNI
KJFK;JFK;JOHN F KENNEDY INTERNATIONAL
KLAN;LAN;CAPITAL CITY
KLAS;LAS;MC CARRAN INTERNATIONAL
KLAX;LAX;LOS ANGELES INTERNATIONAL
KLBB;LBB;LUBBOCK INTERNATIONAL
KLCH;LCH;LAKE CHARLES RGNL
KLCK;LCK;RICKENBACKER INTERNATIONAL
KLFI;LFI;LANGLEY AFB
KLFK;LFK;ANGELINA CO
KLFT;LFT;LAFAYETTE RGNL
KLGA;LGA;LA GUARDIA
KLGB;LGB;LONG BEACH
KLHW;LHW;WRIGHT AAF
KLIT;LIT;ADAMS FLD
KLNA;LNA;PALM BEACH CO PARK
KLNK;LNK;LINCOLN MUNI
KLOU;LOU;BOWMAN FLD
KLRD;LRD;LAREDO INTERNATIONAL
KLRF;LRF;LITTLE ROCK AFB
KLSF;LSF;LAWSON AAF
KLSV;LSV;NELLIS AFB
KLTS;LTS;ALTUS AFB
KLUF;LUF;LUKE AFB
KLUK;LUK;CINCINNATI MUNI LUNKEN FLD
KMAF;MAF;MIDLAND INTERNATIONAL
KMCC;MCC;MC CLELLAN AFLD
KMCF;MCF;MACDILL AFB
KMCI;MCI;KANSAS CITY INTERNATIONAL
KMCN;MCN;MIDDLE GEORGIA RGNL
KMCO;MCO;ORLANDO INTERNATIONAL
KMDT;MDT;HARRISBURG INTERNATIONAL
KMDW;MDW;CHICAGO MIDWAY INTERNATIONAL
KMEM;MEM;MEMPHIS INTERNATIONAL
KMER;MER;CASTLE
KMFE;MFE;MC ALLEN MILLER INTERNATIONAL
KMGE;MGE;DOBBINS ARB
KMHR;MHR;SACRAMENTO MATHER
KMIA;MIA;MIAMI INTERNATIONAL
KMIB;MIB;MINOT AFB
KMIV;MIV;MILLVILLE MUNI
KMKE;MKE;GENERAL MITCHELL INTERNATIONAL
KMKL;MKL;MC KELLAR SIPES RGNL
KMKO;MKO;DAVIS FLD
KMLB;MLB;MELBOURNE INTERNATIONAL
KMLC;MLC;MC ALESTER RGNL
KMLT;MLT;MILLINOCKET MUNI
KMLU;MLU;MONROE RGNL
KMMV;MMV;MC MINNVILLE MUNI
KMNM;MNM;MENOMINEE MARINETTE TWIN CO
KMOB;MOB;MOBILE RGNL
KMOD;MOD;MODESTO CITY CO HARRY SHAM
KMOT;MOT;MINOT INTERNATIONAL
KMPV;MPV;EDWARD F KNAPP STATE
KMQT;MQT;SAWYER INTERNATIONAL
KMSN;MSN;DANE CO RGNL TRUAX FLD
KMSP;MSP;MINNEAPOLIS ST PAUL INTERNATIONAL
KMSS;MSS;MASSENA INTERNATIONAL RICHARDS FLD
KMSY;MSY;LOUIS ARMSTRONG NEW ORLEANS INTERNATIONAL
KMTC;MTC;SELFRIDGE ANGB
KMUI;MUI;MUIR AAF
KMUO;MUO;MOUNTAIN HOME AFB
KMWH;MWH;GRANT CO INTERNATIONAL
KMWL;MWL;MINERAL WELLS
KMXF;MXF;MAXWELL AFB
KMYR;MYR;MYRTLE BEACH INTERNATIONAL
KNBC;NBC;BEAUFORT MCAS
KNBG;NBG;NEW ORLEANS NAS JRB
KNCA;NCA;NEW RIVER MCAS
KNEL;NEL;LAKEHURST NAES
KNFL;NFL;FALLON NAS
KNGU;NGU;NORFOLK NS
KNHK;NHK;PATUXENT RIVER NAS
KNID;NID;CHINA LAKE NAWS
KNIP;NIP;JACKSONVILLE NAS
KNJK;NJK;EL CENTRO NAF
KNKT;NKT;CHERRY POINT MCAS
KNKX;NKX;MIRAMAR MCAS
KNLC;NLC;LEMOORE NAS
KNMM;NMM;MERIDIAN NAS
KNOW;NOW;PORT ANGELES CGAS
KNPA;NPA;PENSACOLA NAS
KNQA;NQA;MILLINGTON MUNI
KNQI;NQI;KINGSVILLE NAS
KNQX;NQX;KEY WEST NAS
KNSE;NSE;WHITING FLD NAS NORTH
KNTD;NTD;POINT MUGU NAS
KNTK;NTK;TUSTIN MCAF
KNTU;NTU;OCEANA NAS
KNUQ;NUQ;MOFFETT FEDERAL AFLD
KNUW;NUW;WHIDBEY ISLAND NAS
KNXP;NXP;TWENTYNINE PALMS EAF
KNXX;NXX;WILLOW GROVE NAS JRB
KNYG;NYG;QUANTICO MCAF
KNZC;NZC;CECIL FLD
KNZY;NZY;NORTH ISLAND NAS
KOAK;OAK;METROPOLITAN OAKLAND INTERNATIONAL
KOFF;OFF;OFFUTT AFB
KOGS;OGS;OGDENSBURG INTERNATIONAL
KOKC;OKC;WILL ROGERS WORLD
KOLS;OLS;NOGALES INTERNATIONAL
KOMA;OMA;EPPLEY AFLD
KONT;ONT;ONTARIO INTERNATIONAL
KOPF;OPF;OPA LOCKA
KORD;ORD;CHICAGO OHARE INTERNATIONAL
KORF;ORF;NORFOLK INTERNATIONAL
KORL;ORL;EXECUTIVE
KOSC;;OSCODA WURTSMITH
KPAE;PAE;SNOHOMISH CO
KPAM;PAM;TYNDALL AFB
KPBF;PBF;GRIDER FLD
KPBG;PBG;PLATTSBURGH INTERNATIONAL
KPBI;PBI;PALM BEACH INTERNATIONAL
KPDX;PDX;PORTLAND INTERNATIONAL
KPHF;PHF;NEWPORT NEWS WILLIAMSBURG INTERNATIONAL
KPHL;PHL;PHILADELPHIA INTERNATIONAL
KPHN;PHN;ST CLAIR CO INTERNATIONAL
KPHX;PHX;PHOENIX SKY HARBOR INTERNATIONAL
KPIE;PIE;ST PETERSBURG CLEARWATER INTERNATIONAL
KPIT;PIT;PITTSBURGH INTERNATIONAL
KPMB;;PEMBINA MUNI
KPMD;PMD;PALMDALE PROD FLT TEST INSTL AF PLT 42
KPNC;PNC;PONCA CITY MUNI
KPNE;PNE;NORTHEAST PHILADELPHIA
KPNM;PNM;PRINCETON MUNI
KPNS;PNS;PENSACOLA RGNL
KPOB;POB;POPE AFB
KPOE;POE;POLK AAF
KPQI;PQI;NORTHERN MAINE RGNL AT PRESQUE ISLE
KPRC;PRC;ERNEST A LOVE FLD
KPSP;PSP;PALM SPRINGS INTERNATIONAL
KPSX;PSX;PALACIOS MUNI
KPUB;PUB;PUEBLO MEM
KPVD;PVD;THEODORE FRANCIS GREEN STATE
KPWM;PWM;PORTLAND INTERNATIONAL JETPORT
KRAL;RAL;RIVERSIDE MUNI
KRBM;RBM;ROBINSON AAF
KRCA;RCA;ELLSWORTH AFB
KRDR;RDR;GRAND FORKS AFB
KRDU;RDU;RALEIGH DURHAM INTERNATIONAL
KRIC;RIC;RICHMOND INTERNATIONAL
KRIU;RIU;RANCHO MURIETA
KRIV;RIV;MARCH ARB
KRME;RME;GRIFFISS AIRPARK
KRND;RND;RANDOLPH AFB
KRNO;RNO;RENO TAHOE INTERNATIONAL
KROC;ROC;GREATER ROCHESTER INTERNATIONAL
KROW;ROW;ROSWELL INDUSTRIAL AIR CENTER
KRSW;RSW;SOUTHWEST FLORIDA INTERNATIONAL
KSAC;SAC;SACRAMENTO EXECUTIVE
KSAF;SAF;SANTA FE MUNI
KSAN;SAN;SAN DIEGO INTERNATIONAL LINDBERGH FLD
KSAT;SAT;SAN ANTONIO INTERNATIONAL
KSAV;SAV;SAVANNAH HILTON HEAD INTERNATIONAL
KSAW;;SAWYER INTERNATIONAL
KSBO;SBO;EMANUEL CO
KSBY;SBY;SALISBURY OCEAN CITY WICOMICO RGNL
KSCK;SCK;STOCKTON METROPOLITAN
KSEA;SEA;SEATTLE TACOMA INTERNATIONAL
KSEM;SEM;CRAIG FLD
KSFF;SFF;FELTS FLD
KSFO;SFO;SAN FRANCISCO INTERNATIONAL
KSFZ;SFZ;NORTH CENTRAL STATE
KSHV;SHV;SHREVEPORT RGNL
KSJC;SJC;NORMAN Y MINETA SAN JOSE INTERNATIONAL
KSJT;SJT;SAN ANGELO RGNL MATHIS FLD
KSKA;SKA;FAIRCHILD AFB
KSKF;SKF;LACKLAND AFB KELLY FLD ANNEX
KSKY;SKY;GRIFFING SANDUSKY
KSLC;SLC;SALT LAKE CITY INTERNATIONAL
KSMF;SMF;SACRAMENTO INTERNATIONAL
KSNA;SNA;JOHN WAYNE ARPT ORANGE CO
KSPB;SPB;SCAPPOOSE INDUSTRIAL AIRPARK
KSPG;SPG;ALBERT WHITTED
KSPS;SPS;SHEPPARD AFB WICHITA FALLS MUNI
KSSC;SSC;SHAW AFB
KSTL;STL;LAMBERT ST LOUIS INTERNATIONAL
KSUU;SUU;TRAVIS AFB
KSUX;SUX;SIOUX GATEWAY COL BUD DAY FLD
KSVN;SVN;HUNTER AAF
KSWF;SWF;STEWART INTERNATIONAL
KSYR;SYR;SYRACUSE HANCOCK INTERNATIONAL
KSZL;SZL;WHITEMAN AFB
KTBN;TBN;WAYNESVILLE RGNL ARPT AT FORNEY FLD
KTCC;TCC;TUCUMCARI MUNI
KTCM;TCM;MC CHORD AFB
KTCS;TCS;TRUTH OR CONSEQUENCES MUNI
KTEB;TEB;TETERBORO
KTIK;TIK;TINKER AFB
KTLH;TLH;TALLAHASSEE RGNL
KTMB;TMB;KENDALL TAMIAMI EXECUTIVE
KTNT;TNT;DADE COLLIER TRAINING AND TRANSITION
KTNX;;TONOPAH TEST RANGE
KTPA;TPA;TAMPA INTERNATIONAL
KTTN;TTN;TRENTON MERCER
KTUL;TUL;TULSA INTERNATIONAL
KTUS;TUS;TUCSON INTERNATIONAL
KTXK;TXK;TEXARKANA RGNL WEBB FLD
KTYR;TYR;TYLER POUNDS RGNL
KTYS;TYS;MC GHEE TYSON
KUGN;UGN;WAUKEGAN RGNL
KVAD;VAD;MOODY AFB
KVBG;VBG;VANDENBERG AFB
KVCV;VCV;SOUTHERN CALIFORNIA LOGISTICS
KVPS;VPS;EGLIN AFB
KVRB;VRB;VERO BEACH MUNI
KWAL;WAL;WALLOPS FLIGHT FACILITY
KWRB;WRB;ROBINS AFB
KWRI;WRI;MC GUIRE AFB
KWSD;WSD;CONDRON AAF
KWWD;WWD;CAPE MAY CO
KYIP;YIP;WILLOW RUN
KYNG;YNG;YOUNGSTOWN WARREN RGNL
KYUM;YUM;YUMA MCAS YUMA INTERNATIONAL
KZUN;ZUN;BLACK ROCK
LATI;TIA;TIRANA RINAS
LBBG;BOJ;BURGAS
LBGO;GOZ;GORNA ORYAHOVITSA
LBPD;PDV;PLOVDIV
LBSF;SOF;SOFIA
LBSZ;;STARA ZAGORA
LBWN;VAR;VARNA
LCLK;LCA;LARNACA
LCPH;PFO;PAPHOS INTERNATIONAL
LCRA;AKT;AKROTIRI
LDDU;DBV;DUBROVNIK
LDOC;;CEPIN
LDOS;OSI;OSIJEK
LDPL;PUY;PULA
LDRG;;GROBNICKO POLJE
LDRI;RJK;RIJEKA
LDSP;SPU;SPLIT
LDVA;;VARAZDIN
LDZA;ZAG;ZAGREB
LDZD;ZAD;ZADAR
LDZU;;UDBINA
LEAB;;ALBACETE
LEAL;ALC;ALICANTE
LEAM;LEI;ALMERIA
LEAS;OVD;ASTURIAS
LEBA;ODB;CORDOBA
LEBB;BIO;BILBAO
LEBG;;BURGOS
LEBL;BCN;BARCELONA
LEBZ;BJZ;TALAVERA LA REAL
LECO;LCG;A CORUNA
LEGA;GRX;ARMILLA
LEGE;GRO;GIRONA
LEGR;GRX;GRANADA
LEGT;;GETAFE
LEIB;IBZ;IBIZA
LEJR;XRY;JEREZ
LELC;MJV;MURCIA SAN JAVIER
LELN;;LEON
LEMD;MAD;BARAJAS
LEMG;AGP;MALAGA
LEMH;MAH;MENORCA
LEMM;;MADRID MET CENTER
LEMO;OZP;MORON AB
LEOC;;OCANA
LEPA;PMI;PALMA DE MALLORCA
LEPP;PNA;PAMPLONA
LERI;;ALCANTARILLA
LERS;REU;REUS
LERT;;ROTA NS
LESA;SLM;SALAMANCA
LESB;;SON BONET
LESJ;;PALMA DE MALLORCA
LESL;;SAN LUIS
LESO;EAS;SAN SEBASTIAN
LEST;SCQ;SANTIAGO
LESU;LEU;SEO DE URGEL
LETO;TOJ;TORREJON
LEVC;VLC;VALENCIA
LEVD;VLL;VALLADOLID
LEVS;;CUATRO VIENTOS
LEVT;VIT;VITORIA
LEVX;VGO;VIGO
LEXJ;SDR;SANTANDER
LEZG;ZAZ;ZARAGOZA AB
LEZL;SVQ;SEVILLA
LFAC;CQF;CALAIS DUNKERQUE
LFAG;;PERONNE ST QUENTIN
LFAI;;LES LOGES
LFAO;;COUTERNE
LFAQ;;BRAY
LFAT;LTQ;LE TOUQUET PARIS PLAGE
LFAV;;DENAIN
LFAY;;GLISY
LFBA;AGF;LA GARENNE
LFBC;;CAZAUX
LFBD;BOD;MERIGNAC
LFBE;EGC;ROUMANIERE
LFBF;;FRANCAZAL
LFBG;CNG;CHATEAUBERNARD
LFBI;PIS;BIARD
LFBK;MCU;MONTLUCON GUERET
LFBL;LIG;BELLEGARDE
LFBM;;MONT DE MARSAN
LFBN;NIT;SOUCHE
LFBO;TLS;BLAGNAC
LFBP;PUF;PAU PYRENEES
LFBR;LRH;LHERM
LFBT;LDE;LOURDES
LFBU;ANG;BRIE CHAMPNIERS
LFBV;BVE;LA ROCHE
LFBX;PGX;BASSILLAC
LFBZ;BIQ;ANGLET
LFCC;;LALBENQUE
LFCG;;ANTICHAN
LFCH;XAC;LA TESTE DE BUCH
LFCI;LBI;LE SEQUESTRE
LFCK;DCM;MAZAMET
LFCL;;LASBORDES
LFCM;;LARZAC
LFCR;RDZ;MARCILLAC
LFCU;;THALAMY
LFCW;;VILLENEUVE SUR LOT
LFCY;RYN;MEDIS
LFCZ;;MIMIZAN
LFDA;;AIRE SUR L ADOUR
LFDB;;MONTAUBAN
LFDH;;LAMOTHE
LFDI;;ARTIGUES DE LUSSAC
LFDJ;;LES PUJOLS
LFDM;;VIRAZEIL
LFDN;RCO;ST AGNANT
LFEC;;OUESSANT
LFED;;PONTIVY
LFES;;SCAER
LFEY;;ILE D YEU
LFFI;;ANCENIS
LFFN;;BRIENNE LE CHATEAU
LFGA;CMR;HOUSSEN
LFGF;;CHALLANGES
LFGJ;DLE;TAVAUX
LFGK;;JOIGNY
LFGW;;LE ROZELIER
LFHO;OBS;VALS LANAS
LFHP;LPY;LOUDES
LFHQ;;COLTINES
LFHS;XBK;CEYZERIAT
LFHV;XVF;TARARE
LFHY;XMU;MONTBEUGNY
LFIG;;CASSAGNES BEGONHES
LFIO;;MONTAUDRAN
LFJL;ETZ;METZ NANCY LORRAINE
LFKB;BIA;PORETTA
LFKC;CLY;SAINT CATHERINE
LFKF;FSC;SUD CORSE
LFKJ;AJA;CAMPO DELL ORO
LFKO;;PROPRIANO
LFKS;SOZ;SOLENZARA
LFKT;;CORTE
LFLA;AUF;BRANCHES
LFLB;CMF;AIX LES BAINS
LFLC;CFE;AUVERGNE
LFLD;BOU;BOURGES
LFLE;;CHALLES LES EAUX
LFLH;XCD;CHAMPFORGEUIL
LFLI;QNJ;ANNEMASSE
LFLL;LYS;SAINT EXUPERY
LFLM;QNX;CHARNAY
LFLN;;SAINT YAN
LFLO;RNE;RENAISON
LFLP;NCY;MEYTHET
LFLS;GNB;SAINT GEOIRS
LFLT;MCU;DOMERAT
LFLU;VAF;CHABEUIL
LFLV;VHY;CHARMEIL
LFLW;AUR;AURILLAC
LFLX;CHR;DEOLS
LFLY;LYN;BRON
LFMA;QXB;AIX LES MILLES
LFMC;;LE CANNET
LFMD;CEQ;MANDELIEU
LFMH;EBU;BOUTHEON
LFMI;;LE TUBE
LFMK;CCF;SALVAZA
LFML;MRS;PROVENCE
LFMN;NCE;COTE D AZUR
LFMO;;CARITAT
LFMP;PGF;RIVESALTES
LFMQ;CTT;LE CASTELLET
LFMS;;DEAUX
LFMT;MPL;MEDITERRANEE
LFMU;BZR;VIAS
LFMV;AVN;CAUMONT
LFMY;;SALON
LFMZ;;LEZIGNAN CORBIERES
LFNB;MEN;BRENOUX
LFNH;;CARPENTRAS
LFOA;;AVORD
LFOB;BVA;TILLE
LFOC;;CHATEAUDUN
LFOD;;ST FLORENT
LFOE;;FAUVILLE
LFOH;LEH;OCTEVILLE
LFOI;;ABBEVILLE
LFOJ;ORE;BRICY
LFOK;;VATRY
LFOP;URO;VALLEE DE SEINE
LFOT;TUF;VAL DE LOIRE
LFOU;CET;LE PONTREAU
LFOV;LVA;ENTRAMMES
LFOZ;;ST DENIS DE L HOTEL
LFPB;LBG;LE BOURGET
LFPC;CSF;CREIL
LFPG;CDG;CHARLES DE GAULLE
LFPK;;VOISINS
LFPM;;VILLAROCHE
LFPN;TNF;TOUSSUS LE NOBLE
LFPO;ORY;ORLY
LFPT;POX;CORMEILLES EN VEXIN
LFPV;;VELIZY
LFPY;;BRETIGNY SUR ORGE
LFQA;;PRUNAY
LFQB;QYR;BARBEREY
LFQC;;CROISMARE
LFQE;;ROUVRES
LFQF;;BELLEVUE
LFQG;NVS;FOURCHAMBAULT
LFQI;;EPINOY
LFQJ;;ELESMES
LFQM;;LA VEZE
LFQP;;BOURSCHEID
LFQQ;LIL;LESQUIN
LFQT;;CALONNE
LFQV;;CHARLEVILLE MEZIERES
LFQW;;FROTEY
LFRA;;AVRILLE
LFRB;BES;GUIPAVAS
LFRC;CER;MAUPERTUS
LFRD;DNR;PLEURTUIT
LFRE;;ESCOUBLAC
LFRF;;GRANVILLE
LFRG;DOL;ST GATIEN
LFRH;LRT;LANN BIHOUE
LFRI;EDM;LES AJONCS
LFRJ;;LANDIVISIAU
LFRK;CFR;CARPIQUET
LFRL;;POULMIC
LFRM;LME;ARNAGE
LFRN;RNS;ST JACQUES
LFRO;LAI;LANNION
LFRQ;UIP;PLUGUFFAN
LFRS;NTE;NANTES ATLANTIQUE
LFRT;SBK;ARMOR
LFRU;MXN;PLOUJEAN
LFRV;VNE;MEUCON
LFRZ;SNR;MONTOIR
LFSB;MLH;BALE MULHOUSE
LFSC;;MEYENHEIM
LFSD;DIJ;LONGVIC
LFSF;MZM;FRESCATY
LFSG;EPL;MIRECOURT
LFSH;;HAGUENAU
LFSI;;ROBINSON
LFSL;;ROSIERES
LFSM;;COURCELLES
LFSN;ENC;ESSEY
LFSO;;OCHEY
LFSP;;PONTARLIER
LFSR;RHE;CHAMPAGNE
LFST;SXB;ENTZHEIM
LFSX;;SAINT SAUVEUR
LFTF;;PIERREFEU
LFTH;TLN;HYERES
LFTW;FNI;GARONS
LFVM;;MIQUELON
LFVP;FSP;ST PIERRE
LFXA;;AMBERIEU
LFXI;;SAINT CHRISTOL
LFYD;;DAMBLAIN
LFYG;;NIERGNIES
LFYH;;BROYE LES PESMES
LFYL;;MALBOUHANS
LFYT;;CLASTRES
LGAD;PYR;ANDRAVIDA
LGAG;AGQ;AGRINION
LGAL;AXD;DIMOKRITOS
LGAT;HEW;ATHINAI
LGAX;;ALEXANDRIA
LGBL;VOL;NEA ANCHIALOS
LGEL;;ELEFSIS
LGHI;JKH;CHIOS
LGIO;IOA;IOANNINA
LGIR;HER;NIKOS KAZANTZAKIS
LGKA;KSO;ARISTOTELIS
LGKC;KIT;KITHIRA
LGKF;EFL;KEFALLINIA
LGKL;KLX;KALAMATA
LGKM;;AMIGDHALEON
LGKO;KGS;KOS
LGKP;AOK;KARPATHOS
LGKR;CFU;IOANNIS KAPODISTRIAS INTERNATIONAL
LGKS;KSJ;KASOS
LGKV;KVA;MEGAS ALEXANDROS INTERNATIONAL
LGKZ;KZI;FILIPPOS
LGLE;LRS;LEROS
LGLM;LXS;LIMNOS
LGLR;LRA;LARISA
LGMG;;MEGARA
LGMK;JMK;MIKONOS
LGMR;;MARATHON
LGMT;MJT;MITILINI
LGPZ;PVK;AKTIO
LGRD;;MARITSA
LGRP;RHO;DIAGORAS
LGRX;GPA;ARAXOS
LGSA;CHQ;SOUDA
LGSK;JSI;SKIATHOS
LGSM;SMI;SAMOS
LGSO;;SYROS
LGSP;;SPARTI
LGSR;JTR;SANTORINI
LGST;JSH;SITIA
LGSV;;STEFANOVIKION
LGSY;SKU;SKYROS
LGTG;;TANAGRA
LGTL;;KASTELI
LGTP;;TRIPOLIS
LGTS;SKG;MAKEDONIA
LGTT;;TATOI
LGZA;ZTH;ZAKINTHOS DIONYSIOS SOLOMOS
LHBP;BUD;FERIHEGY
LHDC;DEB;DEBRECEN
LHGD;;GODOLLO
LHKE;;KECSKEMET
LHKV;;KAPOSVAR
LHNY;;NYIREGYHAZA
LHOY;;OCSENY
LHPA;;PAPA
LHSA;;SZENTKIRALYSZABADJA
LHSK;;KILITI
LHSM;;BALATON
LHSN;;SZOLNOK
LHTA;;TASZAR
LHTL;;TOKOL
LIBA;;AMENDOLA
LIBC;CRV;CROTONE
LIBD;BRI;PALESE MACCHIE
LIBF;FOG;GINO LISA
LIBG;TAR;GROTTAGLIE
LIBN;LCC;LECCE
LIBP;PSR;PESCARA
LIBR;BDS;CASALE
LIBV;;GIOIA DEL COLLE
LICA;SUF;LAMEZIA TERME
LICC;CTA;CATANIA FONTANAROSSA
LICD;LMP;LAMPEDUSA
LICG;PNL;PANTELLERIA
LICJ;PMO;PALERMO
LICP;PMO;BOCCADIFALCO
LICR;REG;REGGIO CALABRIA
LICT;TPS;TRAPANI BIRGI
LICZ;NSY;SIGONELLA
LIEA;AHO;ALGHERO
LIED;DCI;DECIMOMANNU
LIEE;CAG;ELMAS
LIEO;OLB;OLBIA COSTA SMERALDA
LIET;TTB;TORTOLI
LIIB;;ITALIAN MET OFFICE
LIMA;;AERITALIA
LIMB;;BRESSO
LIMC;MXP;MALPENSA
LIME;BGY;BERGAMO ORIO AL SERIO
LIMF;TRN;TORINO
LIMG;ALL;ALBENGA
LIMJ;GOA;GENOVA SESTRI
LIML;LIN;LINATE
LIMN;;CAMERI
LIMP;PMF;PARMA
LIMS;QPZ;PIACENZA
LIMW;;AOSTA
LIMZ;CUF;LEVALDIGI
LIPA;AVB;AVIANO AB
LIPB;BZO;BOLZANO
LIPC;;CERVIA
LIPE;BLQ;BOLOGNA
LIPH;TSF;TREVISO
LIPI;;RIVOLTO
LIPK;FRL;FORLI
LIPL;;GHEDI
LIPN;;VERONA BOSCOMANTICO
LIPO;VBS;MONTICHIARI
LIPQ;TRS;RONCHI DEI LEGIONARI
LIPR;RMI;RIMINI
LIPS;;ISTRANA
LIPT;VIC;VICENZA
LIPU;QPA;PADOVA
LIPX;VRN;VILLAFRANCA
LIPZ;VCE;VENEZIA TESSERA
LIQS;SAY;AMPUGNANO
LIRA;CIA;CIAMPINO
LIRE;;PRATICA DI MARE
LIRF;FCO;FIUMICINO
LIRG;;GUIDONIA
LIRI;;PONTECAGNANO
LIRJ;EBA;MARINA DI CAMPO
LIRL;QLT;LATINA
LIRM;;GRAZZANISE
LIRN;NAP;CAPODICHINO
LIRP;PSA;PISA
LIRQ;FLR;PERETOLA
LIRS;GRS;GROSSETO
LIRU;;URBE
LIRV;;VITERBO
LIRZ;PEG;PERUGIA
LJCE;;CERKLJE
LJLJ;LJU;LJUBLJANA
LJMB;MBX;MARIBOR
LJPZ;POW;PORTOROZ
LJSG;;SLOVENJ GRADEC
LKCS;;CESKE BUDEJOVICE
LKCT;;CHOTEBOR
LKCV;;CASLAV
LKHK;;HRADEC KRALOVE
LKKB;;KBELY
LKKU;;KUNOVICE
LKKV;KLV;KARLOVY VARY
LKLN;;LINE
LKMH;;MNICHOVO HRADISTE
LKMT;OSR;MOSNOV
LKNA;;NAMEST
LKPD;PED;PARDUBICE
LKPM;;PRIBRAM
LKPO;PRV;PREROV
LKPR;PRG;RUZYNE
LKSO;;SOBESLAV
LKTB;BRQ;TURANY
LKVO;;VODOCHODY
LLBG;TLV;BEN GURION
LLBS;BEV;TEYMAN
LLEK;;TEL NOV
LLES;;EYN SHEMER
LLET;ETH;EILAT
LLEY;;EN YAHAV
LLHA;HFA;HAIFA
LLHS;;HATZOR
LLIB;RPN;MAHANAIM I BEN YAAKOV
LLJR;JRS;JERUSALEM/ATAROT
LLLL;;ARAD
LLMG;;MEGIDDO
LLMZ;MTZ;BAR YEHUDA
LLNV;;NEVATIM AB
LLOV;VDA;OVDA
LLRD;;RAMAT DAVID
LLRM;;RAMON
LLSD;SDV;SDE DOV
LMML;MLA;LUQA
LMMM;;MALTA ACC
LOAN;;WIENER NEUSTADT EAST
LOLW;;WELS
LOWG;GRZ;GRAZ MIL/CIV
LOWI;INN;INNSBRUCK
LOWK;KLU;KLAGENFURT(AUS-AFB)
LOWL;LNZ;HORSCHING INTERNATIONAL AIRPORT (AUS - AFB)
LOWM;;VIENNA MET CENTER
LOWS;SZG;SALZBURG
LOWW;VIE;SCHWECHAT
LOXG;;GRAZ
LOXK;;KLAGENFURT
LOXL;;LINZ
LOXT;;TULLN
LOXZ;;ZELTWEG
LPAR;;ALVERCA
LPAZ;SMA;SANTA MARIA
LPBG;BGC;BRAGANCA
LPBJ;;BEJA
LPBR;;BRAGA
LPCO;;COIMBRA
LPCS;;CASCAIS
LPCV;;COVILHA
LPEV;;EVORA
LPFL;FLW;FLORES
LPFR;FAO;FARO
LPGR;GRW;GRACIOSA
LPHR;HOR;HORTA
LPIN;;ESPINHO
LPLA;TER;LAJES
LPMG;;LISBON MET OFFICE
LPMR;;MONTE REAL
LPMT;;MONTIJO
LPOV;;OVAR
LPPD;PDL;PONTA DELGADA
LPPI;PIX;PICO
LPPM;;PORTIMAO
LPPR;OPO;PORTO
LPPS;PXO;PORTO SANTO
LPPT;LIS;LISBOA
LPSJ;SJZ;SAO JORGE
LPST;;SINTRA
LPTN;;TANCOS
LPVR;VRL;VILA REAL
LPVZ;;VISEU
LQBK;;BANJA LUKA
LQMO;OMO;MOSTAR
LQSA;SJJ;SARAJEVO
LRAR;ARW;ARAD
LRBC;BCM;BACAU
LRBM;BAY;TAUTII MAGHERAUS
LRBS;BBU;BANEASA
LRCK;CND;MIHAIL KOGALNICEANU
LRCL;CLJ;SOMESENI
LRCS;CSB;CARANSEBES
LRCV;CRA;CRAIOVA
LRIA;IAS;IASI
LROD;OMR;ORADEA
LROP;OTP;OTOPENI
LRSB;SBZ;SIBIU
LRSM;SUJ;SATU MARE
LRSV;SCV;SALCEA
LRTC;TCE;CATALOI
LRTM;TGM;VIDRASAU
LRTR;TSR;GIARMATA
LSAZ;;REICHENBACH
LSGC;;LES EPLATURES
LSGG;GVA;GENEVA COINTRIN
LSGK;;SAANEN
LSGS;SIR;SION
LSMA;;ALPNACH
LSMC;;ULRICHEN
LSMD;;DUBENDORF
LSME;;EMMEN
LSMF;;MOLLIS
LSMI;;INTERLAKEN
LSMJ;;TURTMANN
LSMM;;MEIRINGEN
LSMN;;RARON
LSMP;;PAYERNE
LSMU;;BUOCHS AIRPORT
LSSW;;ZURICH MET
LSZA;LUG;LUGANO
LSZB;BRN;BERN BELP
LSZG;;GRENCHEN
LSZH;ZRH;ZURICH
LSZR;ACH;ST GALLEN ALTENRHEIN
LSZS;SMV;SAMEDAN
LTAA;;ANKARA ACC
LTAB;;GUVERCINLIK
LTAC;ESB;ESENBOGA
LTAD;ANK;ETIMESGUT
LTAE;;AKINCI
LTAF;ADA;ADANA
LTAG;ADA;INCIRLIK AB
LTAH;AFY;AFYON
LTAI;AYT;ANTALYA
LTAJ;GZT;OGUZELI
LTAK;;ISKENDERUN
LTAL;;KASTAMONU
LTAN;KYA;KONYA
LTAP;MZH;MERZIFON
LTAQ;SSX;SAMSUN AIRPORT
LTAR;VAS;SIVAS
LTAS;;CAYCUMA
LTAT;MLX;ERHAC
LTAU;ASR;ERKILET
LTAV;;SIVRIHISAR
LTAW;;TOKAT
LTAX;;ERDEMIR
LTAY;DNZ;CARDAK
LTAZ;;KAPADOKYA
LTBA;IST;ATATURK
LTBD;;CILDIR
LTBE;BTZ;BURSA
LTBF;BZI;BALIKESIR
LTBG;BDM;BANDIRMA
LTBH;;CANAKKALE
LTBI;ESK;ESKISEHIR
LTBJ;ADB;ADNAN MENDERES
LTBK;;GAZIEMIR
LTBL;IGL;CIGLI
LTBM;;ISPARTA
LTBN;;KUTAHYA
LTBO;;USAK
LTBP;;YALOVA
LTBQ;;TOPEL
LTBR;;YENISEHIR
LTBS;DLM;DALAMAN
LTBT;;AKHISAR
LTBU;;CORLU
LTBX;;SAMANDIRA
LTBY;;ANADOLU
LTCA;EZS;ELAZIG
LTCC;DIY;DIYARBAKIR
LTCD;ERC;ERZINCAN
LTCE;ERZ;ERZURUM
LTCF;;KARS
LTCG;TZX;TRABZON
LTCH;;SANLIURFA
LTCI;VAN;VAN
LTCJ;BAL;BATMAN
LTCK;;MUS
LTCL;;SIIRT
LTCM;;SINOP
LTFA;;KAKLIC
LTFB;;EFES
LUBL;;BALTI
LUKK;KIV;CHISINAU
LWOH;OHD;OHRID
LWSK;SKP;SKOPJE
LXGB;GIB;GIBRALTAR
LYBE;BEG;BEOGRAD
LYPG;TGD;PODGORICA
LYPR;PRN;PRISTINA
LYTV;TIV;TIVAT
LYVR;;VRSAC
LZIB;BTS;M R STEFANIK
LZKZ;KSC;KOSICE
LZMC;;MALACKY
LZPP;PZY;PIESTANY
LZSL;SLD;SLIAC
LZTN;;TRENCIN
LZTT;TAT;TATRY
LZZI;;ZILINA
MBNC;NCA;NORTH CAICOS
MBPV;PLS;PROVIDENCIALES
MBSC;XSC;SOUTH CAICOS
MDAB;;ARROYO BARRIL
MDBH;BRX;MARIA MONTEZ INTERNATIONAL
MDCR;;CABO ROJO
MDCZ;;CONSTANZA
MDHE;HEX;HERRERA INTERNATIONAL
MDLR;LRM;LA ROMANA INTERNATIONAL
MDPC;PUJ;PUNTA CANA INTERNATIONAL
MDPP;POP;GREGORIO LUPERON INTERNATIONAL
MDSD;SDQ;LAS AMERICAS INTERNATIONAL
MDSI;;SAN ISIDRO AB
MDST;STI;CIBAO INTERNATIONAL
MGBN;;BANANERA
MGCB;CBV;COBAN
MGGT;GUA;LA AURORA
MGPB;;PUERTO BARRIOS
MGPP;;POPTUN
MGQZ;;QUEZALTENANGO
MGRT;;RETALHULEU
MGSJ;;SAN JOSE
MHIC;;ISLAS DEL CISNE
MHLC;LCE;GOLOSON INTERNATIONAL
MHLM;SAP;LA MESA INTERNATIONAL
MHNJ;GJA;GUANAJA
MHPL;PEU;PUERTO LEMPIRA
MHRO;RTB;ROATAN
MHTE;TEA;TELA
MHTG;TGU;TONCONTIN INTERNATIONAL
MHTJ;;TRUJILLO
MKBS;OCJ;BOSCOBEL
MKJP;KIN;NORMAN MANLEY INTERNATIONAL
MKJS;MBJ;SANGSTER INTERNATIONAL
MKKJ;POT;KEN JONES
MKTP;KTP;TINSON PEN
MMAA;ACA;GENERAL JUAN N ALVAREZ INTERNATIONAL
MMAN;NTR;DEL NORTE INTERNATIONAL
MMAS;AGU;JESUS TERAN INTERNATIONAL
MMBT;HUX;BAHIAS DE HUATULCO INTERNATIONAL
MMCB;CVJ;CUERNAVACA
MMCC;;CIUDAD ACUNA INTERNATIONAL
MMCE;CME;CIUDAD DEL CARMEN INTERNATIONAL
MMCG;;NUEVO CASAS GRANDES
MMCH;;CHILPANCINGO
MMCL;CUL;CULIACAN INTERNATIONAL
MMCM;CTM;CHETUMAL INTERNATIONAL
MMCN;CEN;CIUDAD OBREGON INTERNATIONAL
MMCP;CPE;INGENIERO ALBERTO ACUNA ONGAY INTERNATIONAL
MMCS;CJS;ABRAHAM GONZALEZ INTERNATIONAL
MMCU;CUU;GENERAL R FIERRO VILLALOBOS INTERNATIONAL
MMCV;CVM;CIUDAD VICTORIA
MMCY;;CELAYA
MMCZ;CZM;COZUMEL INTERNATIONAL
MMDM;MMC;CIUDAD MANTE
MMDO;DGO;DURANGO INTERNATIONAL
MMEP;TPQ;TEPIC
MMES;ESE;GENERAL ALBERTO L SALINAS C INTERNATIONAL
MMGL;GDL;DON MIGUEL Y HIDALGO INTERNATIONAL
MMGM;GYM;GENERAL JOSE MARIA YANEZ INTERNATIONAL
MMHC;TCN;TEHUACAN
MMHO;HMO;GENERAL IGNACIO P GARCIA INTERNATIONAL
MMIA;CLQ;COLIMA
MMIM;ISJ;ISLA MUJERES
MMIO;SLW;PLAN DE GUADALUPE INTERNATIONAL
MMIT;;IXTEPEC
MMJA;;LENCERO
MMLC;LZC;LAZARO CARDENAS
MMLM;LMM;VALLE DEL FUERTE INTERNATIONAL
MMLO;BJX;DE GUANAJUATO INTERNATIONAL
MMLP;LAP;GENERAL MANUEL MARQUEZ DE LEON INTERNATIONAL
MMLT;LTO;LORETO INTERNATIONAL
MMMA;MAM;GENERAL SERVANDO CANALES INTERNATIONAL
MMMD;MID;LICENCIADO MANUEL CRECENCIO REJON INTERNATIONAL
MMML;MXL;GENERAL RODOLFO SANCHEZ TABOADA INTERNATIONAL
MMMM;MLM;GENERAL FRANCISCO J MUJICA
MMMT;MTT;MINATITLAN
MMMV;LOV;MONCLOVA INTERNATIONAL
MMMX;MEX;LICENCIADO BENITO JUAREZ INTERNATIONAL
MMMY;MTY;GENERAL MARIANO ESCOBEDO INTERNATIONAL
MMMZ;MZT;GENERAL RAFAEL BUELNA INTERNATIONAL
MMNG;NOG;NOGALES INTERNATIONAL
MMNL;NLD;QUETZALCOATL INTERNATIONAL
MMOX;OAX;XOXOCOTLAN INTERNATIONAL
MMPA;PAZ;TAJIN
MMPB;PBC;HERMANOS SERDAN INTERNATIONAL
MMPC;PCA;INGENIERO JUAN GUILLERMO VILLASANA
MMPE;PPE;PUNTA PENASCO
MMPG;PDS;PIEDRAS NEGRAS INTERNATIONAL
MMPN;UPN;LICENCIADO Y GEN IGNACIO LOPEZ RAYON
MMPR;PVR;LICENCIADO GUSTAVO DIAZ ORDAZ INTERNATIONAL
MMPS;PXM;PUERTO ESCONDIDO
MMQT;QRO;INGENIERO F ESPINOZA GUTIERREZ INTERNATIONAL
MMRX;REX;GENERAL LUCIO BLANCO INTERNATIONAL
MMSD;SJD;LOS CABOS INTERNATIONAL
MMSF;;SAN FELIPE
MMSP;SLP;PONCIANO ARRIAGA INTERNATIONAL
MMTA;TXA;TLAXCALA
MMTC;TRC;TORREON INTERNATIONAL
MMTG;TGZ;FRANCISCO SARABIA
MMTJ;TIJ;GENERAL ABELARDO L RODRIGUEZ INTERNATIONAL
MMTM;TAM;GENERAL FRANCISCO JAVIER MINA INTERNATIONAL
MMTN;TSL;TAMUIN
MMTO;TLC;LICENCIADO ADOLFO LOPEZ MATEOS INTERNATIONAL
MMTP;TAP;TAPACHULA INTERNATIONAL
MMTX;;ZAPOTILTIC
MMUN;CUN;CANCUN INTERNATIONAL
MMVA;VSA;C P A CARLOS ROVIROSA INTERNATIONAL
MMVR;VER;GENERAL HERIBERTO JARA INTERNATIONAL
MMZC;ZCL;GENERAL LEOBARDO C RUIZ INTERNATIONAL
MMZH;ZIH;IXTAPA ZIHUATANEJO INTERNATIONAL
MMZM;ZMM;ZAMORA
MMZO;ZLO;PLAYA DE ORO INTERNATIONAL
MMZP;;ZAPOPAN
MNBL;BEF;BLUEFIELDS
MNBR;;LOS BRASILES
MNLN;;FANOR URROZ
MNMG;MGA;MANAGUA INTERNATIONAL
MNPC;PUZ;PUERTO CABEZAS
MPBO;BOC;BOCAS DEL TORO
MPCH;CHX;CAP MANUEL NINO INTERNATIONAL
MPDA;DAV;ENRIQUE MALEK INTERNATIONAL
MPHO;HOW;HOWARD AFB
MPJE;;JAQUE
MPLP;;CAP RAMON XATRUCH
MPMG;PAC;MARCOS A GELABERT INTERNATIONAL
MPSA;;RUBEN CANTU
MPTO;PTY;TOCUMEN INTERNATIONAL
MRBA;;BUENOS AIRES
MRBC;;BARRA DEL COLORADO
MRCC;OTR;COTO 47
MRCV;;CABO VELAS
MREC;;EL CARMEN
MRFI;;NUEVO PALMAR SUR
MRFS;;FINCA 63
MRGF;GLF;GOLFITO
MRGP;;GUAPILES
MRLB;LIR;DANIEL ODUBER QUIROS INTERNATIONAL
MRLC;;LOS CHILES
MRLM;LIO;LIMON INTERNATIONAL
MRNS;NOB;NOSARA
MROC;SJO;JUAN SANTAMARIA INTERNATIONAL
MRPD;;PANDORA
MRPM;PMZ;PALMAR SUR
MRPV;;TOBIAS BOLANOS INTERNATIONAL
MRQP;XQP;QUEPOS MANAGUA
MRSG;;SANTA CLARA DE GUAPILES
MRSV;;SAN VITO DE JAVA
MSLP;SAL;EL SALVADOR INTERNATIONAL
MSSS;;ILOPANGO INTERNATIONAL
MTCH;CAP;CAP HAITIEN
MTPP;PAP;PORT AU PRINCE INTERNATIONAL
MUBA;BCA;GUSTAVO RIZO
MUBY;BYM;CARLOS MANUEL DE CESPEDES
MUCA;AVI;MAXIMO GOMEZ
MUCB;;CAIBARIEN
MUCC;;JARDINES DEL RAY
MUCF;CFG;JAIME GONZALEZ
MUCL;CYO;VILO ACUNA
MUCM;CMW;IGNACIO AGRAMONTE INTERNATIONAL
MUCU;SCU;ANTONIO MACEO INTERNATIONAL
MUFL;;FLORIDA
MUGM;;GUANTANAMO BAY NS
MUGT;GAO;MARIANA GRAJALES
MUHA;HAV;JOSE MARTI INTERNATIONAL
MUHG;HOG;FRANK PAIS
MULM;LCL;LA COLOMA
MUMG;;MANAGUA
MUML;;MARIEL
MUMO;MOA;ORESTES ACOSTA
MUMZ;MZO;SIERRA MAESTRA
MUNC;;NICARO
MUNG;GER;RAFAEL PEREZ
MUPB;;PLAYA BARACOA
MUPR;;PINAR DEL RIO
MUSA;;SAN ANTONIO DE LOS BANOS
MUSC;SNU;ABEL SANTAMARIA
MUSJ;;SAN JULIAN
MUSL;;ROBERTO YAGUERO
MUSN;;SIGUANEA
MUSS;;SANCTI SPIRITUS
MUTD;;ALBERTO DELGADO
MUVR;VRA;JUAN GUALBERTO GOMEZ INTERNATIONAL
MUVT;VTU;HERMANOS AMEIJEIRAS
MWCB;CYB;GERRARD SMITH INTERNATIONAL
MWCR;GCM;OWEN ROBERTS INTERNATIONAL
MYAB;;CLARENCE A BAIN
MYAF;ASD;ANDROS TOWN
MYAK;;CONGO TOWN
MYAM;MHH;MARSH HARBOUR
MYAN;SAQ;SAN ANDROS
MYAP;AXP;SPRING POINT
MYAS;;SANDY POINT
MYAT;TCB;TREASURE CAY
MYBC;CCZ;CHUB CAY
MYBG;;GREAT HARBOUR CAY
MYBS;BIM;SOUTH BIMINI
MYCA;;ARTHURS TOWN
MYCB;;NEW BIGHT
MYCI;;COLONEL HILL
MYEF;GGT;EXUMA INTERNATIONAL
MYEH;ELH;NORTH ELEUTHERA
MYEM;GHB;GOVERNORS HARBOUR
MYEN;;NORMANS CAY
MYER;RSD;ROCK SOUND
MYES;;STANIEL CAY
MYGF;FPO;GRAND BAHAMA INTERNATIONAL
MYGW;WTD;WEST END
MYIG;IGA;MATTHEW TOWN
MYLD;LGI;DEADMANS CAY
MYLS;SML;STELLA MARIS
MYMM;MYG;MAYAGUANA
MYNN;NAS;NASSAU INTERNATIONAL
MYRD;;DUNCAN TOWN
MYSM;ZSA;SAN SALVADOR
MZBZ;BZE;PHILIP S W GOLDSON INTERNATIONAL
NCAI;AIT;AITUTAKI
NCRG;RAR;RAROTONGA INTERNATIONAL
NFFN;NAN;NADI INTERNATIONAL
NFNA;SUV;NAUSORI INTERNATIONAL
NFNL;LMG;LABASA
NFTF;TBU;FUA AMOTU INTERNATIONAL
NFTL;HPA;HAAPAI
NFTV;VAV;VAVAU INTERNATIONAL
NGFU;FUN;FUNAFUTI INTERNATIONAL AIRPORT
NGTA;TRW;BONRIKI INTERNATIONAL
NGTE;TBF;TABITEUEA NORTH
NIUE;HUE;NIUE INTERNATIONAL
NLWW;WLS;HIHIFO
NSFA;APW;FALEOLO INTERNATIONAL
NSTU;PPG;PAGO PAGO INTERNATIONAL
NTAR;RUR;RURUTU
NTAT;TUB;TUBUAI
NTGA;AAA;ANAA
NTGB;;FANGATAU
NTGC;TIH;TIKEHAU
NTGE;REA;REAO
NTGF;FAV;FAKARAVA
NTGI;XMH;MANIHI
NTGJ;GMR;TOTEGEGIE
NTGK;KKR;KAUKURA
NTGM;MKP;MAKEMO
NTGN;NAU;NAPUKA
NTGP;PKP;PUKA PUKA
NTGT;TKP;TAKAPOTO
NTGU;AXR;ARUTUA
NTGV;MVT;MATAIVA
NTGY;;TUREIA
NTKR;TKX;TAKAROA
NTMD;NHV;NUKU HIVA
NTMN;;ATUONA
NTTB;BOB;BORA BORA
NTTG;RGI;RANGIROA
NTTH;HUH;HUAHINE
NTTM;MOZ;TEMAE
NTTO;HOI;HAO
NTTP;MAU;MAUPITI
NTTR;RFP;UTUROA
NTTX;;MURUROA ATOLL
NVSS;;SANTO PEKOA INTERNATIONAL
NVVV;VLI;PORT VILA BAUERFIELD
NWWD;KNQ;KONE
NWWK;KOC;KOUMAC
NWWL;LIF;OUANAHAM
NWWM;GEA;NOUMEA MAGENTA
NWWR;MEE;LA ROCHE
NWWU;TOU;TOUHO
NWWV;UVE;OUVEA OULOUP
NWWW;NOU;LA TONTOUTA
NZAA;AKL;AUCKLAND INTERNATIONAL
NZAP;TUO;TAUPO
NZAR;;ARDMORE
NZCH;CHC;CHRISTCHURCH INTERNATIONAL
NZCI;CHT;CHATHAM ISLANDS
NZDN;DUD;DUNEDIN
NZGS;GIS;GISBORNE
NZGT;MON;GLENTANNER
NZHK;HKK;HOKITIKA
NZHN;HLZ;HAMILTON
NZHS;;HASTINGS
NZKK;KKE;KERIKERI
NZKT;KAT;KAITAIA
NZLX;ALR;ALEXANDRA
NZMC;GTN;MOUNT COOK
NZMO;TEU;MANAPOURI
NZMS;MRO;MASTERTON
NZNP;NPL;NEW PLYMOUTH
NZNS;NSN;NELSON
NZNV;IVC;INVERCARGILL
NZOH;;OHAKEA
NZOU;OAM;OAMARU
NZPM;PMR;PALMERSTON NORTH
NZPP;PPQ;PARAPARAUMU
NZQN;ZQN;QUEENSTOWN
NZRO;ROT;ROTORUA
NZRU;;WAIOURU
NZSP;;SOUTH POLE STATION
NZTG;TRG;TAURANGA
NZTU;TIU;TIMARU
NZUK;;PUKAKI
NZWB;BHE;WOODBOURNE
NZWD;;MCMURDO STATION
NZWF;WKA;WANAKA
NZWG;;WIGRAM
NZWK;WHK;WHAKATANE
NZWN;WLG;WELLINGTON INTERNATIONAL
NZWO;;WAIROA
NZWP;;WHENUAPAI
NZWR;WRE;WHANGAREI
NZWS;WSZ;WESTPORT
NZWU;WAG;WANGANUI
OAHR;HEA;HERAT
OAJL;JAA;JALALABAD
OAKB;KBL;KABUL INTERNATIONAL
OAKN;KDH;KANDAHAR
OAMN;MMZ;MAIMANA
OAMS;MZR;MAZAR I SHARIF
OASD;;SHINDAND
OASG;;SHEBERGHAN
OATQ;;TALULQAN
OAUZ;UND;KUNDUZ
OBBI;BAH;BAHRAIN INTERNATIONAL
OBBS;;SHAIKH ISA
OEAB;AHB;ABHA
OEAH;LEA;AL AHSA
OEBA;ABT;AL BAHA
OEBH;BHH;BISHA
OEBQ;;ABQAIQ
OEDF;DMM;KING FAHD INTERNATIONAL
OEDR;DHA;KING ABDULAZIZ AB
OEGN;GIZ;JAZAN
OEGS;ELQ;GASSIM
OEGT;URY;GURIAT
OEHL;HAS;HAIL
OEJB;;JUBAIL
OEJF;;KING FAISAL NAVAL BASE
OEJN;JED;KING ABDULAZIZ INTERNATIONAL
OEKK;HBT;KING KHALED MILITARY CITY
OEMA;MED;PRINCE MOHAMMAD BIN ABDULAZIZ
OENG;EAM;NEJRAN
OEPA;AQI;QAISUMAH
OEPC;;PUMP STATION 3
OEPF;;PUMP STATION 6
OEPJ;;PUMP STATION 10
OERB;;RABIGH
OERF;RAH;RAFHA
OERK;RUH;KING KHALED INTERNATIONAL
OERM;;RAS MISHAB
OERR;RAE;ARAR
OERT;;RAS TANURA
OESH;SHW;SHARURAH
OESK;AJO;AL JOUF
OESL;SLF;SULAYEL
OETB;TUU;TABUK
OETF;TIF;TAIF
OETH;;THUMAMAH
OETN;;RAS TANAJIB
OETR;TUI;TURAIF
OEWD;;WADI AL DAWASIR
OEWJ;EJH;WEJH
OEYN;YNB;YENBO
OIAA;ABD;ABADAN
OIAD;;DEZFUL
OIAG;;AGHAJARI
OIAH;;GACHSARAN
OIAI;QMJ;SHAHID ASYAEE
OIAJ;;OMIDIYEH
OIAM;MRX;MAHSHAHR
OIAW;AWZ;AHWAZ
OIBA;;ABUMUSA ISLAND
OIBB;BUZ;BUSHEHR
OIBH;;BASTAK
OIBI;;ASALOYEH
OIBK;KIH;KISH ISLAND
OIBL;BDH;BANDAR LENGEH
OIBQ;;KHARK ISLAND
OIBS;;SIRRI ISLAND
OIBV;;LAVAN ISLAND
OICC;KSH;SHAHID ASHRAFI ESFAHANI
OICD;;ABDANAN
OICI;;ILAM
OICK;;KHORAM ABAD
OICS;SDG;SANANDAJ
OIFE;;HESA
OIFH;;SHAHID VATAN POUR AIR BASE
OIFM;;ESFAHAN SHAHID BEHESHTI INTERNATIONAL
OIFP;;BADR AIR BASE
OIGG;RAS;RASHT
OIHH;;HAMADAN
OIHR;;ARAK
OIID;;DOSHAN TAPPEH
OIIG;;GHALE MORGHI
OIII;THR;MEHRABAD INTERNATIONAL
OIIK;;GHAZVIN
OIIS;;SEMNAN
OIKB;BND;BANDAR ABBASS INTERNATIONAL
OIKJ;;JIROFT
OIKK;KER;KERMAN
OIKM;;BAM
OIKP;;HAVADARYA
OIKQ;;DAYRESTAN
OIKR;;RAFSANJAN
OIKY;;SIRJAN
OIMB;XBJ;BIRJAND
OIMC;;SARAKHS
OIMJ;;SHAHROUD
OIMN;;BOJNORD
OIMT;;TABAS
OIMX;;SOGA
OINE;;KALALEH
OING;;GORGAN
OINM;;MAHMUDABAD
OINN;;NOSHAHR
OINR;RZR;RAMSAR
OINZ;;SARI DASHT E NAZ
OISD;;DARAB
OISF;;FASA
OISJ;;JAHROM
OISL;;LAR
OISO;;ZARGAN
OISR;;LAMERD
OISS;SYZ;SHIRAZ SHAHID DASTGHAIB INTERNATIONAL
OITL;;ARDABIL
OITM;;SAHAND
OITP;;PARSABADE MOGHAN
OITT;TBZ;TABRIZ INTERNATIONAL
OITZ;;ZANJAN
OIYY;AZD;YAZD SHAHID SADOOGHI
OIZB;;ZABOL
OIZC;ZBR;CHAH BAHAR
OIZH;ZAH;ZAHEDAN INTERNATIONAL
OIZI;;IRAN SHAHR
OIZJ;;JASK
OJAI;AMM;QUEEN ALIA INTERNATIONAL
OJAM;ADJ;MARKA INTERNATIONAL
OJAQ;AQJ;AQABA INTERNATIONAL
OJJR;;JERUSALEM
OJMF;OMF;KING HUSSEIN
OKBK;KWI;KUWAIT INTERNATIONAL
OLBA;BEY;BEIRUT INTERNATIONAL
OLKA;;RENE MOUAWAD
OMAA;AUH;ABU DHABI INTERNATIONAL
OMAD;AZI;BATEEN
OMAH;;AL HAMRA AUX
OMAJ;;JEBEL DHANA
OMAL;;AL AIN INTERNATIONAL
OMAM;;AL DHAFRA
OMAR;;ARZANAH
OMAS;;DAS ISLAND
OMAZ;;ZIRKU
OMDB;DXB;DUBAI INTERNATIONAL
OMFJ;FJR;FUJAIRAH INTERNATIONAL
OMRK;RKT;RAS AL KHAIMAH INTERNATIONAL
OMSJ;SHJ;SHARJAH INTERNATIONAL
OOKB;KHS;KHASAB
OOMA;MSH;MASIRAH
OOMS;MCT;SEEB INTERNATIONAL
OOSA;SLL;SALALAH
OOSQ;;OMAN MET OFFICE
OOTH;TTH;THUMRAIT
OPBN;;BANNU
OPBW;;BAHAWALPUR
OPCH;;CHITRAL
OPDB;;DALBANDIN
OPDG;;DERA GHAZI KHAN
OPDI;;DERA ISMAIL KHAN
OPFA;LYP;FAISALABAD INTERNATIONAL
OPGD;GWD;GWADAR
OPGT;GIL;GILGIT
OPJA;;SHAHBAZ AB
OPJI;;JIWANI
OPKC;KHI;JINNAH INTERNATIONAL
OPKD;HDD;HYDERABAD
OPKH;;KHUZDAR
OPKN;;KHARAN
OPLA;LHE;ALLAMA IQBAL INTERNATIONAL
OPLH;;WALTON
OPMA;;MANGLA
OPMF;MFG;MUZAFFARABAD
OPMI;;MIANWALI
OPMJ;MJD;MOENJODARO
OPMK;;MIRPUR KHAS NORTH
OPMN;;MIRAM SHAH
OPMR;;MASROOR
OPMT;MUX;MULTAN INTERNATIONAL
OPNH;WNS;NAWABSHAH
OPNK;;NUSHKI
OPOK;;OKARA
OPOR;ORW;ORMARA
OPPC;;PARACHINAR
OPPG;PJG;PANJGUR
OPPI;PSI;PASNI
OPPS;PEW;PESHAWAR
OPQS;;QASIM
OPQT;UET;QUETTA
OPRK;RYK;SHAIKH ZAYED
OPRN;ISB;CHAKLALA
OPRQ;;RAFIQUI
OPRS;;RISALPUR
OPRT;RAZ;RAWALAKOT
OPSD;;SKARDU
OPSK;SKZ;SUKKUR
OPSR;;SARGODHA
OPSS;SDT;SAIDU SHARIF
OPSU;SUL;SUI
OPSW;;SAHIWAL
OPTA;;TARBELA DAM
OPTH;BDN;TALHAR
OPTU;TRB;TURBAT INTERNATIONAL
OPWN;;WANA
OPZB;PZH;ZHOB
ORBS;SDA;SADDAM INTERNATIONAL
ORMM;BSR;BASRAH INTERNATIONAL
OSAP;ALP;ALEPPO INTERNATIONAL
OSDI;DAM;DAMASCUS INTERNATIONAL
OSDZ;DEZ;DEIR ZZOR
OSKL;;KAMISHLY
OSLK;LTK;BASSEL AL ASSAD INTERNATIONAL
OSPR;PMS;PALMYRA
OTBD;DOH;DOHA INTERNATIONAL
PAAQ;PAQ;PALMER MUNI
PABA;BTI;BARTER ISLAND LRRS
PABE;BET;BETHEL
PABI;BIG;ALLEN AAF
PABM;;BIG MOUNTAIN AFS
PABR;BRW;WILEY POST WILL ROGERS MEM
PABT;BTT;BETTLES
PACD;CDB;COLD BAY
PACL;;CLEAR
PACV;CDV;MERLE K MUDHOLE SMITH
PACZ;;CAPE ROMANZOF LRRS
PADK;ADK;ADAK
PADL;DLG;DILLINGHAM
PADQ;ADQ;KODIAK
PADU;DUT;UNALASKA
PAED;EDF;ELMENDORF AFB
PAEH;EHM;CAPE NEWENHAM LRRS
PAEI;EIL;EIELSON AFB
PAEN;ENA;KENAI MUNI
PAFA;FAI;FAIRBANKS INTERNATIONAL
PAFB;FBK;WAINWRIGHT AAF
PAFR;;BRYANT AHP
PAGA;GAL;EDWARD G PITKA SR
PAGK;GKN;GULKANA
PAGY;SGY;SKAGWAY
PAHO;HOM;HOMER
PAIL;ILI;ILIAMNA
PAIM;UTO;INDIAN MOUNTAIN LRRS
PAJN;JNU;JUNEAU INTERNATIONAL
PAKN;AKN;KING SALMON
PAKT;KTN;KETCHIKAN INTERNATIONAL
PALU;LUR;CAPE LISBURNE LRRS
PAMC;MCG;MC GRATH
PAMD;;MIDDLETON ISLAND
PAMR;MRI;MERRILL FLD
PANC;ANC;TED STEVENS ANCHORAGE INTERNATIONAL
PANT;ANN;ANNETTE ISLAND
PAOM;OME;NOME
PAOR;ORT;NORTHWAY
PAOT;OTZ;RALPH WIEN MEM
PAPB;;ST GEORGE
PAPM;PML;PLATINUM
PASC;SCC;DEADHORSE
PASI;SIT;SITKA ROCKY GUTIERREZ
PASN;SNP;ST PAUL ISLAND
PASV;SVW;SPARREVOHN LRRS
PASY;SYA;EARECKSON AS
PATA;TAL;RALPH M CALHOUN
PATC;TNC;TIN CITY LRRS
PATK;TKA;TALKEETNA
PATL;TLJ;TATALINA LRRS
PAUN;UNK;UNALAKLEET
PAVD;VDZ;VALDEZ PIONEER FIELD
PAWT;AIN;WAINWRIGHT AS
PAYA;YAK;YAKUTAT
PCIS;CIS;CANTON ISLAND AIRPORT
PFYU;FYU;FORT YUKON
PGRO;ROP;ROTA INTERNATIONAL
PGSN;SPN;SAIPAN INTERNATIONAL
PGTW;;GUAM JOINT TYPHOON CENTER
PGUA;UAM;ANDERSEN AFB
PGUM;GUM;GUAM INTERNATIONAL
PGWT;TNI;WEST TINIAN
PHBK;BKH;BARKING SANDS PMRF
PHDH;HDH;DILLINGHAM
PHHI;;WHEELER AAF
PHHN;HNM;HANA
PHJH;JHM;KAPALUA
PHKO;KOA;KONA INTERNATIONAL AT KEAHOLE
PHLI;LIH;LIHUE
PHMK;MKK;MOLOKAI
PHMU;MUE;WAIMEA KOHALA
PHNG;NGF;KANEOHE BAY MCAF
PHNL;HNL;HONOLULU INTERNATIONAL
PHNY;LNY;LANAI
PHOG;OGG;KAHULUI
PHSF;BSF;BRADSHAW AAF
PHTO;ITO;HILO INTERNATIONAL
PHUP;UPP;UPOLU
PJON;JON;JOHNSTON ATOLL
PKMA;1Z8;ENEWETAK AUX AF
PKMJ;MAJ;MARSHALL ISLANDS INTERNATIONAL
PKRO;;DYESS AAF
PKWA;KWA;BUCHOLZ AAF
PLCH;CXI;CHRISTMAS ISLAND
PMDY;MDY;MIDWAY ATOLL
POLI;OLI;OLIKTOK LRRS
PPIZ;PIZ;POINT LAY LRRS
PTKK;TKK;CHUUK INTERNATIONAL
PTPN;PNI;POHNPEI INTERNATIONAL
PTRO;ROR;BABELTHUAP
PTSA;KSA;KOSRAE
PTYA;YAP;YAP INTERNATIONAL
RCBS;KNH;SHANG YI
RCDC;PIF;PINGTUNG SOUTH
RCDI;;LUNGTANG
RCFN;TTT;FENGNIN
RCGI;GNI;GREEN ISLAND
RCGM;;TAOYUAN
RCKH;KHH;KAOHSIUNG INTERNATIONAL
RCKU;CYI;CHIAYI
RCLG;TXG;TAICHUNG
RCLY;KYD;LANYU
RCMQ;;CHING CHUAN KANG AB
RCMT;MZW;MATSU
RCNN;TNN;TAINAN
RCPO;;HSINCHU
RCQC;MZG;MAKUNG
RCQS;;CHIHHONG
RCRA;;TSOYING
RCSQ;;PINGTUNG NORTH
RCSS;TSA;SUNGSHAN
RCTP;TPE;CHIANG KAI SHEK INTERNATIONAL
RCWA;WOT;WANG AN
RCYU;HUN;HUALIEN
RJAA;NRT;NEW TOKYO INTERNATIONAL
RJAF;MMJ;MATSUMOTO
RJAH;;HYAKURI
RJAM;;MINAMI TORISHIMA
RJAW;IWO;IWO JIMA
RJBD;SHM;NANKI SHIRAHAMA
RJBK;;KOHNAN
RJCB;OBO;OBIHIRO
RJCC;CTS;CHITOSE INTERNATIONAL AIRPORT
RJCH;HKD;HAKODATE
RJCJ;SPK;CHITOSE
RJCM;MMB;MEMANBETSU
RJCN;SHB;NAKASHIBETSU
RJCO;SPK;SAPPORO
RJCT;;TOKACHI
RJCW;WKJ;WAKKANAI
RJDB;IKI;IKI
RJDC;UBJ;YAMAGUCHI UBE
RJDT;TSJ;TSUSHIMA
RJEB;MBE;MONBETSU
RJEC;AKJ;ASAHIKAWA
RJER;RIS;RISHIRI
RJFA;;ASHIYA
RJFC;KUM;YAKUSHIMA
RJFE;FUJ;FUKUE
RJFF;FUK;FUKUOKA
RJFG;TNE;TANEGASHIMA
RJFK;KOJ;KAGOSHIMA
RJFM;KMI;MIYAZAKI
RJFN;;NYUTABARU
RJFO;OIT;OITA
RJFR;KKJ;KITAKYUSHU
RJFT;KMJ;KUMAMOTO
RJFU;NGS;NAGASAKI
RJFY;;KANOYA
RJFZ;;TSUIKI
RJKA;ASJ;AMAMI
RJKB;;OKIERABU
RJKN;TKN;TOKUNOSHIMA
RJNF;;FUKUI
RJNG;;GIFU
RJNH;;HAMAMATSU
RJNK;KMQ;KOMATSU
RJNN;NGO;NAGOYA
RJNO;OKI;OKI
RJNT;TOY;TOYAMA
RJNY;;SHIZUHAMA
RJOA;HIJ;HIROSHIMA
RJOB;OKJ;OKAYAMA
RJOC;IZO;IZUMO
RJOF;;HOFU
RJOH;YGJ;MIHO
RJOI;;IWAKUNI MCAS
RJOK;KCZ;KOCHI
RJOM;MYJ;MATSUYAMA
RJOO;ITM;OSAKA INTERNATIONAL
RJOR;TTJ;TOTTORI
RJOS;TKS;TOKUSHIMA
RJOT;TAK;TAKAMATSU
RJOY;;YAO
RJOZ;;OZUKI
RJSA;AOJ;AOMORI
RJSC;GAJ;YAMAGATA
RJSH;;HACHINOHE
RJSI;HNA;HANAMAKI
RJSK;AXT;AKITA
RJSM;MSJ;MISAWA AB
RJSS;SDJ;SENDAI
RJST;;MATSUSHIMA
RJSY;;SHONAI
RJTA;;ATSUGI NAF
RJTE;;TATEYAMA
RJTF;;CHOFU
RJTH;HAC;HACHIJOJIMA
RJTJ;;IRUMA
RJTK;;KISARAZU
RJTL;;SHIMOFUSA
RJTO;OIM;OSHIMA
RJTQ;MMY;MIYAKEJIMA
RJTR;;KASTNER AAF
RJTT;HND;TOKYO INTERNATIONAL
RJTY;OKO;YOKOTA AB
RKJJ;KWJ;GWANGJU
RKJK;KUB;KUNSAN AB
RKJM;;MOKPO
RKJU;;JEONJU
RKJY;RSU;YEOSU
RKNC;;A 306
RKND;SHO;SOKCHO
RKNN;KAG;GANGNEUNG
RKNW;;WONJU
RKNY;;YANGYANG INTERNATIONAL
RKPC;CJU;JEJU INTERNATIONAL
RKPE;;JINHAE
RKPK;PUS;GIMHAE INTERNATIONAL
RKPP;;PUSAN
RKPS;;SACHEON AB
RKPU;USN;ULSAN
RKSG;;A 511
RKSM;SSN;SEOUL AB
RKSO;OSN;OSAN AB
RKSS;GMP;GIMPO
RKSW;;SUWON
RKTH;KPO;POHANG
RKTJ;;R 806
RKTN;TAE;DAEGU AB
RKTU;;CHEONGJU INTERNATIONAL
RKTY;YEC;YECHEON
ROAH;OKA;NAHA
RODE;;IE SHIMA AUX AB
RODN;DNA;KADENA AB
ROIG;ISG;ISHIGAKI
ROKJ;UEO;KUMEJIMA
ROMD;MMD;MINAMI DAITO
ROMY;MMY;MIYAKO
RORK;KTD;KITADAITO
RORS;SHI;SHIMOJISHIMA
RORY;RNJ;YORON
ROTM;;FUTENMA MCAS
ROYN;OGN;YONAGUNI
RPLL;MNL;NINOY AQUINO INTERNATIONAL
RPMB;;GENERAL SANTOS
RPMC;CEB;COTABATO
RPML;CGY;CAGAYAN DE ORO
RPMM;MNL;MALABANG
RPMP;LGP;PAGADIAN
RPMR;;TAMBLER
RPMS;;SURIGAO
RPMZ;ZAM;ZAMBOANGA INTERNATIONAL
RPUB;BAG;BAGUIO
RPUD;;DAET
RPUF;;BASA AB
RPUG;;LINGAYEN
RPUH;;SAN JOSE
RPUI;;IBA
RPUL;;FERNANDO AB
RPUM;;MAMBURAO
RPUN;;NAGA
RPUO;;BASCO
RPUP;;LARAP
RPUQ;;VIGAN
RPUS;;SAN FERNANDO
RPUT;;TUGUEGARAO
RPUV;;VIRAC
RPUW;;MARINDUQUE
RPUY;;CAUAYAN
RPUZ;;BAGABAG
RPVA;TAC;DANIEL Z ROMUALDEZ
RPVB;BCD;BACOLOD
RPVC;;CALBAYOG
RPVD;DGT;DUMAGUETE
RPVF;;CATARMAN
RPVG;;GUIUAN
RPVI;ILO;ILOILO
RPVK;KLO;KALIBO
RPVM;NOP;MACTAN INTERNATIONAL
RPVO;;ORMOC
RPVP;PPS;PUERTO PRINCESA
RPVR;;ROXAS
RPVS;SJI;ANTIQUE
SAAC;COC;COMODORO PIERRESTEGUI
SAAG;GHU;GUALEGUAYCHU
SAAI;;PUNTA INDIO
SAAJ;;JUNIN
SAAP;PRA;GENERAL URQUIZA
SAAR;ROS;ROSARIO
SAAV;SFN;SAUCE VIEJO
SABE;AEP;AEROPARQUE JORGE NEWBERY
SACC;;LA CUMBRE
SACO;COR;AMBROSIO L V TARAVELLA
SACT;;CHAMICAL
SADD;;DON TORCUATO
SADF;;SAN FERNANDO
SADJ;;MARIANO MORENO
SADL;LPG;LA PLATA
SADM;;MORON
SADP;;EL PALOMAR
SADS;;AEROCLUB ARGENTINO
SAHC;;CHOS MALAL
SAHR;;GENERAL ROCA
SAME;MDZ;EL PLUMERILLO
SAMM;LGS;MALARGUE
SAMQ;;MENDOZA AEROPARQUE
SAMR;AFA;SAN RAFAEL
SANC;CTC;CATAMARCA
SANE;SDE;SANTIAGO DEL ESTERO
SANI;;TINOGASTA
SANL;IRJ;LA RIOJA
SANO;;CHILECITO
SANT;TUC;TENIENTE BENJAMIN MATIENZO
SANU;UAQ;SAN JUAN
SAOC;RCU;RIO CUARTO AREA DE MATERIAL
SAOD;VDR;VILLA DOLORES
SAOL;;LABOULAYE
SAOM;;MARCOS JUAREZ
SAOR;;VILLA REYNOLDS
SAOU;LUQ;SAN LUIS
SARC;CNQ;CORRIENTES
SARE;RES;RESISTENCIA
SARF;FMA;FORMOSA
SARI;IGR;CATARATAS DEL IGUAZU
SARL;AOL;PASO DE LOS LIBRES
SARM;;MONTE CASEROS
SARP;PSS;POSADAS
SARS;;TERMAL
SASA;SLA;SALTA
SASJ;JUJ;JUJUY
SASO;ORA;ORAN
SASQ;;LA QUIACA
SAST;;GENERAL ENRIQUE MOSCONI TARTAGAL
SATG;;GOYA
SATK;;ALFEREZ ARMANDO RODRIGUEZ
SATM;;MERCEDES
SATO;;OBERA
SATR;;RECONQUISTA
SATU;;CURUZU CUATIA
SAVB;EHL;EL BOLSON
SAVC;CRD;COMODORO RIVADAVIA
SAVD;EMX;EL MAITEN
SAVE;EQS;ESQUEL
SAVH;;LAS HERAS
SAVT;REL;ALMIRANTE ZAR
SAVV;VDM;GOBERNADOR CASTELLO
SAVY;PMY;EL TEHUELCHE
SAWA;ING;LAGO ARGENTINO
SAWB;;BASE MARAMBIO
SAWD;PUD;PUERTO DESEADO
SAWE;RGA;RIO GRANDE
SAWG;RGL;RIO GALLEGOS
SAWH;USH;USHUAIA MALVINAS ARGENTINAS
SAWJ;ULA;SAN JULIAN
SAWS;JSM;JOSE DE SAN MARTIN
SAWT;RYO;EL TURBIO
SAWU;RZA;SANTA CRUZ
SAZB;BHI;COMANDANTE ESPORA
SAZC;;CORONEL SUAREZ
SAZD;;DOLORES
SAZF;;OLAVARRIA
SAZG;;GENERAL PICO
SAZH;;TRES ARROYOS
SAZI;;BOLIVAR
SAZL;;SANTA TERESITA
SAZM;MDQ;MAR DEL PLATA
SAZN;NQN;PRESIDENTE PERON
SAZO;;NECOCHEA
SAZP;;COMODORO P ZANNI
SAZR;RSA;SANTA ROSA
SAZS;BRC;SAN CARLOS DE BARILOCHE
SAZT;TDL;TANDIL
SAZV;VLG;VILLA GESELL
SAZW;;CUTRALCO
SAZY;CPC;AVIADOR C CAMPOS
SBAA;CDJ;UNKNOWN
SBAF;;CAMPO DELIO JARDIM DE MATTOS
SBAM;;AMAPA
SBAQ;AQA;ARARAQUARA
SBAR;AJU;SANTA MARIA
SBAS;;ASSIS
SBAT;AFL;ALTA FLORESTA
SBAU;ARU;ARACATUBA
SBAV;;USINA PORTO PRIMAVERA
SBBE;BEL;VAL DE CAES
SBBG;BGX;COMANDANTE GUSTAVO KRAEMER
SBBH;PLU;PAMPULHA
SBBI;BFH;BACACHERI
SBBQ;;MAJOR BRIGADEIRO DOORGAL BORGES
SBBR;BSB;PRESIDENTE JUSCELINO KUBITSCHEK
SBBU;BAU;BAURU
SBBV;BVB;BOA VISTA
SBBW;;BARRA DO GARCAS
SBCA;CAC;CASCAVEL
SBCC;;CACHIMBO
SBCF;CNF;TANCREDO NEVES
SBCG;CGR;CAMPO GRANDE
SBCH;XAP;CHAPECO
SBCI;CLN;CAROLINA
SBCM;;FORQUILHINHA
SBCO;;CANOAS
SBCP;CAW;BARTOLOMEU LISANDRO
SBCR;CMG;CORUMBA INTERNATIONAL
SBCT;CWB;AFONSO PENA
SBCV;CRQ;CARAVELAS
SBCX;CXJ;CAMPO DOS BUGRES
SBCY;CGB;MARECHAL RONDON
SBCZ;CZS;CRUZEIRO DO SUL
SBDN;PPB;PRESIDENTE PRUDENTE
SBEG;MAO;EDUARDO GOMES INTERNATIONAL
SBEK;;JACAREACANGA
SBES;;SAO PEDRO DA ALDEIA
SBFC;FRC;FRANCA
SBFI;IGU;CATARATAS INTERNATIONAL
SBFL;FLN;HERCILIO LUZ
SBFN;FEN;FERNANDO DE NORONHA
SBFT;;FRONTEIRA
SBFU;;FURNAS
SBFZ;FOR;PINTO MARTINS INTERNATIONAL
SBGL;GIG;GALEAO ANTONIO CARLOS JOBIM
SBGM;;GUAJARA MIRIM
SBGO;GYN;SANTA GENOVEVA
SBGR;GRU;GUARULHOS
SBGS;;PONTA GROSSA
SBGW;;GUARATINGUETA
SBHT;ATM;ALTAMIRA
SBIC;;ITACOATIARA
SBIH;;ITAITUBA
SBIL;IOS;ILHEUS
SBIP;IPN;USIMINAS
SBIT;;HIDROELETRICA
SBIZ;IMP;IMPERATRIZ
SBJC;;JULIO CESAR
SBJF;JDF;FRANCISCO DE ASSIS
SBJP;JPA;INTL. PRES. CASTRO PINTO
SBJV;JOI;JOINVILLE
SBKP;VCP;VIRACOPOS
SBLJ;;LAGES
SBLN;LIP;LINS
SBLO;LDB;LONDRINA
SBLP;LAZ;BOM JESUS DA LAPA
SBLS;;LAGOA SANTA
SBMA;MAB;MARABA
SBMD;;MONTE DOURADO
SBMG;MGF;MARINGA
SBMK;MOC;MONTES CLAROS
SBML;;MARILIA
SBMN;;PONTA PELADA
SBMO;MCZ;ZUMBI DOS PALMARES
SBMQ;MCP;MACAPA
SBMS;;DIX SEPT ROSADO
SBMT;;MARTE
SBMY;;MANICORE
SBNF;NVT;NAVEGANTES ITAJAI
SBNM;GEL;SANTO ANGELO
SBNT;NAT;AUGUSTO SEVERO
SBOI;;OIAPOQUE
SBPA;POA;SALGADO FILHO
SBPB;;PARNAIBA
SBPC;POO;POCOS DE CALDAS
SBPF;PFB;LAURO KURTZ
SBPK;PET;PELOTAS
SBPL;PNZ;PETROLINA
SBPN;PNB;PORTO NACIONAL
SBPP;PMG;PONTA PORA
SBPV;PVH;GOVERNADOR JORGE TEIXEIRA DE OLIVEIRA
SBQV;;VITORIA DA CONQUISTA
SBRB;RBR;PRESIDENTE MEDICI
SBRF;REC;GUARARAPES
SBRG;RIG;RIO GRANDE
SBRJ;SDU;SANTOS DUMONT
SBRP;RAO;LEITE LOPES
SBSC;STU;SANTA CRUZ
SBSJ;SJK;SAO JOSE DOS CAMPOS
SBSL;SLZ;MARECHAL CUNHA MACHADO
SBSM;STM;SANTA MARIA
SBSP;CGH;CONGONHAS
SBSR;SJP;SAO JOSE DO RIO PRETO
SBST;SSZ;SANTOS AIR BASE
SBSV;SSA;DEPUTADO LUIS EDUARDO MAGALHAES
SBTB;;TROMBETAS
SBTE;THE;SENADOR PETRONIO PORTELLA
SBTF;TFF;TEFE
SBTK;;TARAUACA
SBTL;;TELEMACO BORBA
SBTS;;TIRIOS
SBTT;TBT;TABATINGA
SBTU;TUR;TUCURUI
SBUA;;SAO GABRIEL DA CACHOEIRA
SBUF;PAV;PAULO AFONSO
SBUG;URG;RUBEM BERTA
SBUL;UDI;UBERLANDIA
SBUP;;URUBUPUNGA
SBUR;UBA;UBERABA
SBVG;VAG;MAJOR BRIGADEIRO TROMPOWSKY
SBVH;BVH;VILHENA
SBVT;VIX;GOIABEIRAS
SBYA;;IAUARETE
SBYS;QPS;CAMPO FONTENELLE
SCAC;ZUD;PUPELDE
SCAP;WAP;ALTO PALENA
SCAR;ARI;CHACALLUTA
SCBA;BBA;BALMACEDA
SCBQ;;EL BOSQUE
SCCC;CCH;CHILE CHICO
SCCF;CJC;EL LOA
SCCH;;GENERAL BERNARDO O HIGGINS
SCCI;PUQ;CARLOS IBANEZ DEL CAMPO INTERNATIONAL
SCCY;GXQ;TENIENTE VIDAL
SCDA;IQQ;DIEGO ARACENA INTERNATIONAL
SCEL;SCL;ARTURO MERINO BENITEZ INTERNATIONAL
SCFA;ANF;CERRO MORENO INTERNATIONAL
SCFM;;CAPITAN FUENTES MARTINEZ
SCGE;LSQ;MARIA DOLORES
SCGZ;;GUARDIAMARINA ZANARTU
SCHA;CPO;CHAMONATE
SCIC;;GENERAL FREIRE
SCIE;CCP;CARRIEL SUR INTERNATIONAL
SCIP;IPC;MATAVERI INTERNATIONAL
SCJO;ZOS;CANAL BAJO CARLOS HOTT SIEBERT
SCLL;;VALLENAR
SCRG;;DE LA INDEPENDENCIA
SCRM;;TENIENTE RODOLFO MARSH MARTIN
SCSE;LSC;LA FLORIDA
SCSN;;SANTO DOMINGO
SCST;;GAMBOA
SCTB;;EULOGIO SANCHEZ
SCTC;ZCO;MAQUEHUE
SCTE;PMC;EL TEPUAL INTERNATIONAL
SCTI;ULC;LOS CERRILLOS
SCTN;WCH;CHAITEN
SCVD;ZAL;PICHOY
SEAM;ATF;CHACHOAN
SECM;;HACIENDA CLEMENTINA
SECO;OCC;FRANCISCO DE ORELLANA
SECU;CUE;MARISCAL LAMAR
SEGS;GPS;SEYMOUR
SEGU;GYE;SIMON BOLIVAR INTERNATIONAL
SEGZ;;GUALAQUIZA
SEIB;;ATAHUALPA
SELA;LGQ;LAGO AGRIO
SELJ;;HACIENDA LA JULIA
SELM;;LOMA LARGA
SELT;;COTOPAXI INTERNATIONAL
SEMA;;J M VELASCO IBARRA
SEMC;XMS;MACAS
SEMH;MCH;GENERAL SERRANO
SEMO;;EL CARMEN
SEMT;MEC;ELOY ALFARO INTERNATIONAL
SEMX;;MARAGROSA
SEMY;;MARTINICA
SEPD;;PEDERNALES
SEPV;PVO;REALES TAMARINDOS
SEQU;UIO;MARISCAL SUCRE INTERNATIONAL
SERB;;CHIMBORAZO
SERO;;VICTOR LARREA
SESA;SNC;GENERAL ULPIANO PAEZ
SESD;;SANTO DOMINGO LOS COLORADOS
SEST;;SAN CRISTOBAL
SETA;;TAURA
SETE;;MAYOR GALO TORRES
SETR;TPC;TARAPOA
SETU;TUA;EL ROSAL TENIENTE MANTILLA
SFAL;;STANLEY
SGAS;ASU;SILVIO PETTIROSSI INTERNATIONAL
SGAY;;JUAN DE AYOLAS
SGCO;;TENIENTE COL CARMELO PERALTA
SGFI;;FILADELFIA
SGIB;;ITAIPU
SGME;;DR LUIS MARIA ARGANA INTERNATIONAL
SGPI;;CARLOS MIGUEL JIMENEZ
SKAR;AXM;EL EDEN
SKAS;PUU;TRES DE MAYO
SKBC;;LAS FLORES
SKBG;BGA;PALONEGRO
SKBO;BOG;ELDORADO INTERNATIONAL
SKBQ;BAQ;ERNESTO CORTISSOZ
SKBS;BSC;JOSE CELESTINO MUTIS
SKBU;BUN;GERARDO TOBAR LOPEZ
SKCC;CUC;CAMILO DAZA
SKCD;COG;MANDINGA
SKCG;CTG;RAFAEL NUNEZ
SKCL;CLO;ALFONSO BONILLA ARAGON INTERNATIONAL
SKCO;TCO;LA FLORIDA
SKCZ;CZU;LAS BRUJAS
SKEJ;EJA;YARIGUIES
SKFL;FLA;GUSTAVO ARTUNDUAGA PAREDES
SKGI;;SANTIAGO VILA
SKGO;;SANTA ANA
SKGP;GPI;GUAPI
SKGY;;GUAYMARAL
SKIB;IBE;PERALES
SKIP;IPI;SAN LUIS
SKLC;;ANTONIO ROLDAN BETANCOURT
SKLM;;LA MINA
SKLT;LET;ALFREDO VASQUEZ COBO
SKMD;EOH;OLAYA HERRERA
SKMG;MGN;BARACOA
SKMR;MTR;LOS GARZONES
SKMU;MVP;FABIO ALBERTO LEON BENTLEY
SKMZ;MZL;LA NUBIA
SKNV;NVA;BENITO SALAS
SKOC;OCV;AGUAS CLARAS
SKOT;OTU;OTU
SKPB;;PUERTO BOLIVAR
SKPC;PCR;PUERTO CARRENO
SKPE;PEI;MATECANA
SKPI;;PITALITO
SKPP;PPN;GUILLERMO LEON VALENCIA
SKPS;PSO;ANTONIO NARINO
SKPV;PVA;EL EMBRUJO
SKQU;;MARIQUITA
SKRG;MDE;JOSE MARIA CORDOVA
SKRH;RCH;ALMIRANTE PADILLA
SKSA;RVE;LOS COLONIZADORES
SKSJ;SJE;JORGE E GONZALEZ TORRES
SKSM;SMR;SIMON BOLIVAR
SKSP;ADZ;GUSTAVO ROJAS PINILLA
SKSV;SVI;EDUARDO FALLA SOLANO
SKTD;TDA;TRINIDAD
SKTM;TME;TAME
SKTU;TRB;GONZALO MEJIA
SKUC;AUC;SANTIAGO PEREZ
SKUI;UIB;EL CARANO
SKUL;ULQ;FARFAN
SKVP;VUP;ALFONSO LOPEZ PUMAREJO
SKVV;VVC;VANGUARDIA
SKYP;;EL YOPAL
SLAP;APB;APOLO
SLAS;;ASCENSION DE GUARAYOS
SLBJ;BJO;BERMEJO
SLCA;CAM;CAMIRI
SLCB;CBB;JORGE WILSTERMAN
SLCH;;CHIMORE
SLCN;;CHARANA
SLCO;CIJ;CAPITAN ANIBAL ARAB
SLCP;CEP;CONCEPCION
SLGY;GYA;CAP DE AV EMILIO BELTRAN
SLJO;SJB;SAN JOAQUIN
SLLP;LPB;EL ALTO INTERNATIONAL
SLMG;MGD;MAGDALENA
SLOR;;JUAN MENDOZA
SLPO;POI;CAPITAN NICOLAS ROJAS
SLPS;PSZ;CAP DE AV SALVADOR OGAYA G
SLRA;;SAN RAMON
SLRB;;ROBORE
SLRI;RIB;CAP DE AV SELIN ZEITUN LOPEZ
SLRQ;RBQ;RURRENABAQUE
SLRY;;REYES
SLSA;;SANTA ANA DEL YACUMA
SLSB;SRJ;CAPITAN GERMAN QUIROGA G
SLSI;;CAP AV JUAN COCHAMANIDIS SAUCEDO
SLSM;;SAN IGNACIO DE MOXOS
SLSU;SRE;JUANA AZURDUY DE PADILLA
SLTI;;SAN MATIAS
SLTJ;TJA;CAPITAN ORIEL LEA PLAZA
SLTR;TDD;TTE AV JORGE HENRICH ARAUZ
SLVR;VVI;VIRU VIRU INTERNATIONAL
SMJP;PBM;JOHAN A PENGEL INTERNATIONAL
SMZO;ORG;ZORG EN HOOP
SOCA;CAY;ROCHAMBEAU
SOOG;;ST GEORGES DE L OYAPOCK
SPAC;;CIRO ALEGRIA
SPAS;;ANDOAS
SPAY;;ATALAYA
SPBB;;MOYOBAMBA
SPBC;;CABALLOCOCHA
SPBR;;IBERIA
SPCL;PCL;CAP FAP DAVID AVENZUR RENGIFO
SPEO;CHM;TENIENTE FAP JAIME A DE MONTR MORALES
SPEP;;PUERTO ESPERANZA
SPEQ;;CESAR TORQUE PODESTA
SPGM;TGI;TINGO MARIA
SPHI;CIX;CAPT JOSE ABELARDO QUINONES GONZALES
SPHO;AYP;CORONEL FAP ALFREDO MENDIVIL DUARTE
SPHY;ANS;ANDAHUAYLAS
SPHZ;ATA;COMMANDANTE FAP GERMAN ARIAS GRAZZIANI
SPIM;LIM;JORGE CHAVEZ INTERNATIONAL
SPJI;JJI;JUANJUI
SPJJ;;JAUJA
SPJL;JUL;JULIACA
SPJN;;SAN JUAN DE MARCONA
SPJR;;MAJ GEN FAP ARMANDO REVOREDO IGLESIAS
SPLO;;ILO
SPLP;;LAS PALMAS
SPME;TBP;PEDRO CANGA
SPMS;YMS;MOISES BENZAQUEN RENGIFO
SPNC;;ALFEREZ FAP D F FERNANDINI
SPOL;;COLLIQUE
SPPY;CHH;CHACHAPOYAS
SPQT;IQT;CORONEL FAP FRANCISCO SECADA VIGNETTA
SPQU;AQP;RODRIGUEZ BALLON
SPRM;;SAN RAMON
SPRU;TRU;CAPITAN CARLOS MARTINEZ DE PINILLOS
SPSO;PIO;PISCO
SPST;TPP;TARAPOTO
SPTN;TCQ;CORONEL FAP CARLOS CIRIANI SANTA ROSA
SPTP;;EL PATO AB
SPTU;PEM;PADRE ALDAMIZ
SPUR;PIU;CAPITAN CONCHA
SPYL;TYL;CAPITAN MONTES
SPZA;;NASCA
SPZO;CUZ;VELAZCO ASTETE
SUAA;MVD;ANGEL S ADAMI
SUAG;ATI;ARTIGAS INTERNATIONAL
SUCA;CYR;LAGUNA DE LOS PATOS INTERNATIONAL
SUDU;;SANTA BERNARDINA INTERNATIONAL
SULS;;CAPITAN CORBETA C A CURBELO INTERNATIONAL
SUMO;MLZ;CERRO LARGO
SUMU;MVD;CARRASCO INTERNATIONAL
SUPE;PDP;EL JAGUEL INTERNATIONAL
SUPU;PDU;TYDEO LARRE BORGES INTERNATIONAL
SURV;RVY;RIVERA INTERNATIONAL
SUSO;STY;NUEVA HESPERIDES INTERNATIONAL
SUTB;TAW;TACUAREMBO
SVAC;AGV;OSWALDO GUEVARA MUJICA
SVAN;AAO;ANACO
SVAT;;SAN FERNANDO DE ATABAPO
SVBC;BLA;GENERAL JOSE ANTONIO ANZOATEGUI INTERNATIONAL
SVBI;BNS;BARINAS
SVBL;;EL LIBERTADOR AB
SVBM;BRM;BARQUISIMETO INTERNATIONAL
SVBS;;MARISCAL SUCRE
SVCB;CBL;CIUDAD BOLIVAR
SVCD;;CAICARA DE ORINOCO
SVCJ;;SAN CARLOS
SVCL;;CALABOZO
SVCN;CAJ;CANAIMA
SVCO;;CARORA
SVCP;CUP;GENERAL JOSE FRANCISCO BERMUDEZ
SVCR;CZE;JOSE LEONARDO CHIRINOS
SVCS;;OSCAR MACHADO ZULOAGA
SVCU;CUM;ANTONIO JOSE DE SUCRE
SVCZ;;CAPITAN MANUEL RIOS GUARICO AIRBASE
SVED;;EL DORADO
SVEZ;;ELORZA
SVGD;;GUASDUALITO
SVGI;GUI;GUIRIA
SVGU;GUQ;GUANARE
SVHG;;HIGUEROTE
SVIE;;ANDRES MIGUEL SALAZAR MARCANO
SVJC;LSP;JOSEFA CAMEJO
SVJM;;SAN JUAN DE LOS MORROS
SVLF;LFR;LA FRIA
SVLO;;LA ORCHILA
SVMC;MAR;LA CHINITA INTERNATIONAL
SVMD;MRD;ALBERTO CARNEVALLI
SVMG;PMV;DEL CARIBE INTERNATIONAL GEN SANTAGO MARINO
SVMI;CCS;SIMON BOLIVAR INTERNATIONAL
SVMT;MUN;MATURIN
SVPA;PYH;CASIQUE ARAMARE
SVPC;PBL;GENERAL BARTOLOME SALOM INTERNATIONAL
SVPM;;PARAMILLO
SVPR;PZO;GENERAL MANUEL CARLOS PIAR
SVPT;;PALMARITO
SVSA;SVZ;SAN ANTONIO DEL TACHIRA
SVSB;;SANTA BARBARA DE BARINAS
SVSO;STD;MAYOR BUENAVENTURA VIVAS
SVSP;SFH;SUB TENIENTE NESTOR ARIAS
SVSR;SFD;SAN FERNANDO DE APURE
SVST;SOM;SAN TOME
SVSZ;STB;SANTA BARBARA DEL ZULIA
SVTC;TUV;TUCUPITA
SVTM;;TUMEREMO
SVVA;VLN;ARTURO MICHELENA INTERNATIONAL
SVVG;;JUAN PABLO PEREZ ALFONSO
SVVL;VLV;DR ANTONIO NICOLAS BRICENO
SVVP;VDP;VALLE DE LA PASCUA
SYKM;KAR;KAMARANG
SYLD;;LINDEN
SYLT;LTM;LETHEM
TAPA;ANU;V C BIRD INTERNATIONAL
TBPB;BGI;GRANTLEY ADAMS INTERNATIONAL
TDCF;DCF;CANEFIELD
TDPD;DOM;MELVILLE HALL
TFFF;FDF;LE LAMENTIN
TFFG;SFG;GRAND CASE
TFFJ;SBH;GUSTAVIA/ST.BARTHEL
TFFM;;MARIE GALANTE
TFFR;PTP;LE RAIZET
TGPY;GND;POINT SALINES INTERNATIONAL
TIST;STT;CYRIL E KING
TISX;STX;HENRY E ROHLSEN
TJBQ;BQN;RAFAEL HERNANDEZ
TJFA;FAJ;DIEGO JIMENEZ TORRES
TJIG;SIG;FERNANDO LUIS RIBAS DOMINICCI
TJMZ;MAZ;EUGENIO MARIA DE HOSTOS
TJNR;NRR;ROOSEVELT ROADS NS
TJPS;PSE;MERCEDITA
TJSJ;SJU;LUIS MUNOZ MARIN INTERNATIONAL
TKPK;SKB;ROBERT L BRADSHAW
TKPN;;VANCE WINKWORTH AMORY INTERNATIONAL
TLPC;SLU;GEORGE F L CHARLES
TLPL;UVF;HEWANORRA INTERNATIONAL
TNCA;AUA;REINA BEATRIX INTERNATIONAL
TNCB;BON;FLAMINGO
TNCC;CUR;HATO
TNCE;EUX;F D ROOSEVELT
TNCM;SXM;PRINCESS JULIANA INTERNATIONAL
TQPF;AXA;WALLBLAKE
TRPM;MNI;SANTEE COOPER RGNL
TTCP;TAB;CROWN POINT
TTPP;POS;PIARCO
TUPJ;EIS;TERRANCE B LETTSOME INTERNATIONAL
TVSB;;J F MITCHELL
TVSC;CIW;CANOUAN
TVSM;MQS;MUSTIQUE
TVSV;SVD;E T JOSHUA
UAAA;ALA;ALMATY
UAAH;;BALKHASH
UACC;TSE;ASTANA
UAFM;FRU;MANAS
UAFO;OSS;OSH
UAII;CIT;SHYMKENT
UAKD;DZH;ZHEZKAZGAN
UARR;URA;URALSK
UASS;PLX;SEMIPALATINSK
UATE;;AKTAU
UATT;AKX;AKTYUBINSK
UAUU;KTQ;KOSTANAY
UBBB;BAK;BINA
UEEA;ADH;ADA MUNI
UEEE;YKS;YAKUTSK
UERP;;POLYARNY
UGEE;EVN;ZVARTNOTS
UGGG;TBS;LOCHINI
UGSS;SUI;SUKHUMI DRANDA
UHBB;BQS;IGNATYEVO
UHHH;KHV;NOVY
UHMA;;UGOLNY
UHMD;PVS;PROVIDENIYA BAY
UHMM;GDX;SOKOL
UHMP;;PEVEK FIR
UHPP;PKC;YELIZOVO
UHSH;;OKHA
UHSS;UUS;KHOMUTOVO
UHWW;VVO;KNEVICHI
UIAA;HTA;KADALA
UIBB;BTK;BRATSK
UIII;IKT;IRKUTSK
UIUU;UUD;MUKHINO
UKBB;KBP;BORYSPIL
UKCC;DOK;DONETSK
UKDD;DNK;DNIPROPETROVSK
UKFF;SIP;SIMFEROPOL
UKHH;;KHMELNYTSKYI
UKKK;IEV;ZHULIANY
UKLL;LWO;LVIV
UKLN;;CHERNIVTSI
UKOO;ODS;ODESA
ULLI;LED;PULKOVO
ULMM;MMK;MURMANSK
UMGG;GME;GOMEL
UMII;VTB;VITEBSK
UMKK;KGD;KHRABROVO
UMMM;MHP;MINSK 1
UMMS;MSQ;MINSK 2
UNAA;ABA;ABAKAN
UNBB;BAX;BARNAUL
UNEE;KEJ;KEMEROVO
UNOO;OMS;TSENTRALNY
URKK;KRR;PASHKOVSKY
URML;MCX;UYTASH
URMM;MRV;MINERALNYYE VODY
URMT;STW;SHPAKOVSKOYE
URRR;ROV;ROSTOV NA DONU
URSS;AER;SOCHI
URWA;ASF;ASTRAKHAN
URWW;VOG;GUMRAK
USCC;CEK;BALANDINO
USCM;MQF;MAGNITOGORSK
USDD;;SALEKHARD
USNN;NJC;NIZHNEVARTOVSK
USPP;PEE;BOLSHOYE SAVINO
USRR;SGC;SURGUT
USSS;SVX;KOLTSOVO
USTO;TOX;CABOOL MEM
USUU;KRO;KURGAN
UTAA;ASB;ASHGABAT
UTAK;KRW;TURKMENBASHI AIRPORT
UTAV;;TURKMENABAT
UTDD;DYU;DUSHANBE
UTNN;NCU;NUKUS
UTSB;BHK;BUKHARA
UTSS;SKD;SAMARKAND
UTST;;TERMEZ
UTTT;TAS;YUZHNY
UUBP;BZK;BRYANSK
UUEE;SVO;SHEREMETYEVO
UUEM;KLD;MIGALOVO
UUOO;VOZ;CHERTOVITSKOYE
UUWW;VKO;VNUKOVO
UUYY;SCW;SYKTYVKAR
UWKD;KZN;KAZAN
UWOO;REN;ORENBURG
UWPP;PEZ;PLEASANTON MUNI
UWUU;UFA;UFA
UWWW;KBY;KURUMOCH
VAAH;AMD;AHMEDABAD
VAAK;AKD;AKOLA
VAAU;IXU;AURANGABAD
VABB;BOM;CHHATRAPATI SHIVAJI INTERNATIONAL
VABI;PAB;BILASPUR
VABJ;BHJ;BHUJ
VABM;IXG;BELGAUM
VABO;BDQ;VADODARA
VABP;BHO;BHOPAL
VABV;BHU;BHAVNAGAR
VADN;NMB;DAMAN
VADS;;DEESA
VAGO;GOI;GOA
VAID;IDR;DEVI AHILYABAI HOLKAR
VAJB;JLR;JABALPUR
VAJJ;;MUMBAI JUHU
VAJM;JGA;JAMNAGAR
VAKE;IXY;KANDLA
VAKJ;HJR;KHAJURAHO
VAKP;KLH;KOLHAPUR
VAKS;IXK;KESHOD
VANP;NAG;NAGPUR
VANR;ISK;NASIK ROAD
VAPO;PNQ;PUNE
VAPR;PBD;PORBANDAR
VARK;RAJ;RAJKOT
VARP;RPR;RAIPUR
VASL;SSE;SHOLAPUR
VASU;STV;SURAT
VAUD;UDR;UDAIPUR
VCBI;CMB;BANDARANAIKE INTERNATIONAL
VCCA;;ANURADHAPURA
VCCB;;BATTICALOA
VCCC;RML;COLOMBO RATMALANA
VCCG;GOY;AMPARAI
VCCJ;JAF;KANKESANTURAI
VCCT;TRR;CHINA BAY
VCCW;;WIRAWILA
VDBG;;BATTAMBANG
VDKH;;KAMPONG CHHNANG
VDPP;PNH;POCHENTONG INTERNATIONAL
VDSR;REP;SIEM REAP
VDST;;STUNG TRENG
VEAN;;ALONG
VEAT;IXA;AGARTALA
VEAZ;AJL;AIZAWL
VEBD;IXB;BAGDOGRA
VEBG;RGH;BALURGHAT
VEBK;;BOKARO
VEBS;BBI;BHUBANESHWAR
VECC;CCU;NETAJI SUBHASH CHANDRA BOSE INTERNATIONAL
VECO;COH;COOCH BEHAR
VEDB;DBO;DHANBAD
VEDZ;;DAPARIJO
VEGK;YOP;GORAKHPUR
VEGT;;GUWAHATI INTERNATIONAL
VEGY;GAY;GAYA
VEHK;;HIRAKUD
VEIM;IMF;IMPHAL
VEJH;;JHARSUGUDA
VEJP;;JEYPORE
VEJS;IXW;JAMSHEDPUR
VEJT;JRH;JORHAT
VEKM;;KAMALPUR
VEKR;IXH;KAILASHAHAR
VEKU;IXS;SILCHAR
VELR;IXI;LILABARI
VEMN;MOH;DIBRUGARH
VEMZ;;MUZAFFARPUR
VENP;;NAWAPARA
VEPG;IXT;PASIGHAT
VEPH;;PANAGARH
VEPT;PAT;PATNA
VEPU;;PURNEA
VERC;IXR;BIRSA MUNDA
VERK;RRK;ROURKELA
VEUK;;UTKELA
VEZO;;ZERO
VGCB;CXB;COXS BAZAR
VGEG;CGP;SHAH AMANAT INTERNATIONAL
VGIS;IRD;ISHURDI
VGJR;JSR;JESSORE
VGRJ;RJH;RAJSHAHI
VGSD;SPD;SAIDPUR
VGSY;ZYL;OSMANY INTERNATIONAL
VGTJ;;BASHER
VGZR;DAC;ZIA INTERNATIONAL
VHHH;HKG;HONG KONG INTERNATIONAL
VHSK;;SEK KONG
VIAG;AGR;AGRA
VIAL;IXD;ALLAHABAD
VIAR;ATQ;AMRITSAR
VIBK;;NAL
VIBL;;BAKSHI KA TALAB
VIBN;VNS;VARANASI
VIBR;KUU;KULLU MANALI
VIBT;;BHATINDA
VIBW;;BHIWANI
VIBY;;BAREILLY
VICG;IXC;CHANDIGARH
VICX;;KANPUR CHAKERI
VIDD;;SAFDARJUNG
VIDN;DED;DEHRADUN
VIDP;DEL;INDIRA GANDHI INTERNATIONAL
VIGN;;GUNA
VIGR;GWL;GWALIOR
VIHR;;HISSAR
VIJN;;JHANSI
VIJO;JOH;JODHPUR
VIJP;JAI;JAIPUR
VIJR;JSA;JAISALMER
VIJU;IXJ;JAMMU
VIKA;KNU;KANPUR
VIKO;KTU;KOTA
VILD;LUH;LUDHIANA
VILH;IXL;LEH
VILK;LKO;LUCKNOW
VIPK;IXP;PATHANKOT
VIPL;;PATIALA
VIPT;PGH;PANTNAGAR
VIRB;;FURSATGANJ
VISM;;SHIMLA
VISP;;SARSAWA
VISR;SXR;SRINAGAR
VLHS;;BAN HUOEISAY
VLLB;LPQ;LUANG PRABANG
VLPS;PKZ;PAKSE
VLPV;;PHONESAVANH
VLSK;ZVK;SAVANNAKHET
VLVT;VTE;WATTAY INTERNATIONAL
VMMC;MFM;MACAU INTERNATIONAL
VNBW;BWA;BHAIRAHAWA
VNCG;;CHANDRAGADHI
VNJP;;JANAKPUR
VNKT;KTM;TRIBHUVAN INTERNATIONAL
VNNG;;NEPALGUNJ
VNPK;PKR;POKHARA
VNSI;SIF;SIMARA
VNVT;BIR;BIRATNAGAR
VOAT;AGX;AGATTI
VOBG;BLR;BANGALORE
VOBR;;BIDAR
VOBZ;VGA;VIJAYAWADA
VOCB;CJB;COIMBATORE
VOCL;CCJ;CALICUT
VOCP;CDP;CUDDAPAH
VOCX;;CARNICOBAR
VODG;;DUNDIGUL
VOHY;HYD;HYDERABAD
VOMD;IXM;MADURAI
VOML;IXE;MANGALORE
VOMM;MAA;CHENNAI INTERNATIONAL
VONS;;NAGARJUNA SAGAR
VOPB;IXZ;PORT BLAIR
VORY;RJA;RAJAHMUNDRY
VOSM;;SALEM
VOTJ;;TANJORE
VOTP;TIR;TIRUPATI
VOTR;TRZ;TIRUCHIRAPPALLI
VOTV;TRV;THIRUVANANTHAPURAM INTERNATIONAL
VOTX;;TAMBARAM
VOWA;;WARANGAL
VQPR;PBH;PARO
VRMM;MLE;MALE INTERNATIONAL
VTBD;BKK;BANGKOK INTERNATIONAL
VTBK;;KAMPHAENG SAEN
VTBL;;KHOK KATHIAM
VTBU;UTP;U TAPHAO INTERNATIONAL
VTBW;;WATTHANA NAKHON
VTCB;;CHIANG KHAM
VTCL;LPT;LAMPANG
VTCP;PRH;PHRAE
VTPH;HHQ;HUA HIN
VTPI;;TAKHLI
VTPL;;LOM SAK
VTPM;;MAE SOT
VTPN;;NAKHON SAWAN
VTPP;PHS;PHITSANULOK
VTPU;;UTTARADIT
VTPY;;KHUAN PHUMIPHON
VTSC;NAW;NARATHIWAT
VTSG;;KRABI
VTSH;;SONGKHLA
VTSK;PAN;PATTANI
VTSM;;SAMUI
VTSN;NST;CHA IAN
VTSP;HKT;PHUKET INTERNATIONAL
VTSR;;RANONG
VTSS;HDY;HAT YAI INTERNATIONAL
VTST;TST;TRANG
VTSY;;YALA
VTUD;UTH;UDON THANI
VTUI;SNO;SAKON NAKHON
VTUJ;;SURIN
VTUL;LOE;LOEI
VTUN;NAK;KHORAT
VTUP;KOP;NAKHON PHANOM
VTUW;;NAKHON PHANOM
VVDN;DAD;DANANG INTERNATIONAL
VVNB;HAN;NOIBAI INTERNATIONAL
VVNT;NHA;NHA TRANG AIRPORT
VVTS;SGN;TANSONNHAT INTERNATIONAL
VYBG;;BAGAN
VYBM;;BANMAW
VYCI;;COCO ISLAND
VYDW;;DAWEI
VYHH;HEH;HEHO
VYKG;KET;KENGTUNG
VYKL;;KALAY
VYKP;KYP;KYAUKPYU
VYKT;;KAWTHOUNG
VYLK;;LOIKAW
VYLS;LSH;LASHIO
VYLY;;LANYWA
VYMD;MDL;MANDALAY INTERNATIONAL
VYME;MGZ;MYEIK
VYMK;MYT;MYITKYINA
VYMM;;MAWLAMYINE
VYMO;;MOMEIK
VYMS;MOG;MONGHSAT
VYNP;;NAMPONG
VYNS;;NAMSANG
VYPA;;HPA AN
VYPN;;PATHEIN
VYPT;PBU;PUTAO
VYPY;;PYAY
VYST;;SHANTE
VYSW;AKY;SITTWE
VYTD;SNW;THANDWE
VYTL;THL;TACHILEK
VYTO;;TAUNGOO
VYYY;RGN;YANGON INTERNATIONAL
WAAA;UPG;HASANUDDIN
WAAL;;PONGGALUKU
WAAM;;ANDI JEMMA
WAAS;;SOROAKO
WAAT;;PONGTIKU
WAAU;KDI;WOLTER MONGINSIDI
WABB;BIK;FRANS KAISIEPO
WABI;NBX;NABIRE
WABP;TIM;MOSES KILANGIN
WAJJ;DJJ;SENTANI
WAJW;WMX;WAMENA
WAKK;MKQ;MOPAH
WAMG;GTO;JALALUDDIN
WAMH;;NAHA
WAML;PLW;MUTIARA
WAMM;MDC;SAM RATULANGI
WAMP;PSJ;KASIGUNCU
WAMT;TTE;BABULLAH
WAMW;LUW;BUBUNG
WAPL;;DUMATUBIN
WAPP;AMQ;PATTIMURA
WASK;KNG;KAIMANA
WASR;MKW;RENDANI
WASS;SOQ;JEFMAN
WBGB;BTU;BINTULU
WBGG;KCH;KUCHING INTERNATIONAL
WBGM;MUR;MARUDI
WBGR;MYY;MIRI
WBGS;SBW;SIBU
WBKD;LDU;LAHAD DATU
WBKK;BKI;KOTA KINABALU INTERNATIONAL
WBKL;LBU;LABUAN
WBKW;TWU;TAWAU
WBSB;BWN;BRUNEI INTERNATIONAL
WIAA;SBG;MAIMUN SALEH
WIAM;;CIBEUREUM
WIAR;;ISWAHYUDI
WIAS;MLG;ABDUL RACHMAN SALEH
WIBB;PKU;SULTAN SYARIF KASIM II
WIBD;DUM;PINANG KAMPAI
WIIA;;BUDIARTO
WIIB;BDO;HUSEIN SASTRANEGARA
WIIC;CBN;PENGGUNG
WIIH;HLP;HALIM PERDANAKUSUMA INTERNATIONAL
WIII;CGK;SOEKARNO HATTA INTERNATIONAL
WIIJ;JOG;ADI SUTJIPTO
WIIL;CXP;TUNGGUL WULUNG
WIIP;PCB;PONDOK CABE
WIIS;SRG;ACHMAD YANI
WIIT;;RADIN INTEN II
WIKB;BTH;HANG NADIM
WIKD;TJQ;H AS HANANDJOEDDIN
WIKK;PGK;DEPATI AMIR
WIKN;TNJ;KIJANG
WIKS;SIQ;DABO
WIMB;GNS;BINAKA
WIME;;AEK GODANG
WIMG;PDG;TABING
WIMM;MES;POLONIA
WIMS;;PINANG SORE
WIOG;;NANGA PINOH I
WIOK;KTG;RAHADI USMAN
WION;;RANAI
WIOO;PNK;SUPADIO
WIOP;;PANGSUMA
WIOS;SQC;SUSILO
WIPA;DJB;SULTAN THAHA
WIPL;BKS;PADANG KEMILING
WIPP;PLM;SULTAN MAHMUD BADARUDDIN II
WIPQ;;PENDOPO
WIPR;RGT;JAPURA
WIPU;;MUKO MUKO
WITL;;LHOK SUKON
WITM;;MALIKUS SALEH
WITT;BTJ;SULTAN ISKANDARMUDA
WMAP;;KLUANG
WMBT;;PULAU TIOMAN
WMKA;AOR;SULTAN ABDUL HALIM
WMKB;;BUTTERWORTH
WMKC;KBR;SULTAN ISMAIL PETRA
WMKD;KUA;KUANTAN
WMKE;KTE;KERTEH
WMKF;;KUALA LUMPUR
WMKI;IPH;SULTAN AZLAN SHAH
WMKJ;JHB;SULTAN ISMAIL
WMKK;KUL;KUALA LUMPUR INTERNATIONAL
WMKL;LGK;LANGKAWI INTERNATIONAL
WMKM;MKZ;MALACCA
WMKN;TGG;SULTAN MAHMUD
WMKP;PEN;PENANG INTERNATIONAL
WPDB;;COVALIMA
WPEC;;CAKUNG
WRBB;BDJ;SYAMSUDIN NOOR
WRBC;;BATU LICIN
WRBI;PKN;ISKANDAR
WRBP;PKY;TJILIK RIWUT
WRBS;;HASAN
WRKC;MOF;WAI OTI
WRKE;ENE;H HASAN AROEBOESMAN
WRKG;RTG;SATAR TACIK
WRKK;KOE;EL TARI
WRKO;LBJ;MUTIARA II
WRLK;;KALIMARU
WRLL;BPN;SEPINGGAN
WRLR;TRK;JUWATA
WRLS;SRI;TEMINDUNG
WRLT;;TANJUNG SANTAN
WRRA;AMI;SELAPARANG
WRRB;BMU;MUHAMMAD SALAHUDDIN
WRRR;DPS;BALI INTERNATIONAL
WRRS;SWG;SUMBAWA BESAR
WRRT;;TAMBOLAKA
WRRW;WGP;MAU HAU
WRSJ;SUB;JUANDA
WRSQ;SOC;ADI SUMARMO WIRYOKUSUMO
WSAG;;SEMBAWANG
WSAP;QPG;PAYA LEBAR
WSAT;;TENGAH
WSSL;XSP;SELETAR
WSSS;SIN;SINGAPORE CHANGI
YBAF;;BRISBANE ARCHERFIELD
YBAM;ABM;BAMAGA INJINOO
YBAS;ASP;ALICE SPRINGS
YBBN;BNE;BRISBANE INTERNATIONAL
YBCG;OOL;GOLD COAST COOLANGATTA
YBCS;CNS;CAIRNS INTERNATIONAL
YBCV;CTL;CHARLEVILLE
YBMA;ISA;MOUNT ISA
YBMC;MCY;MAROOCHYDORE SUNSHINE COAST
YBMK;MKY;MACKAY
YBOK;;OAKEY
YBPN;PPP;PROSERPINE WHITSUNDAY COAST
YBRK;ROK;ROCKHAMPTON
YBTL;TSV;TOWNSVILLE
YBWP;WEI;WEIPA
YMAV;AVV;AVALON
YMAY;ABX;ALBURY
YMEN;MEB;MELBOURNE ESSENDON
YMES;;EAST SALE
YMHB;HBA;HOBART
YMLT;LST;LAUNCESTON
YMMB;MBW;MELBOURNE MOORABBIN
YMML;MEL;MELBOURNE INTERNATIONAL
YMPC;;POINT COOK
YPAD;ADL;ADELAIDE INTERNATIONAL
YPAG;;PORT AUGUSTA
YPED;;EDINBURGH
YPJT;JAD;PERTH JANDAKOT
YPKA;KTA;KARRATHA
YPKG;KGI;KALGOORLIE BOULDER
YPKU;KNX;KUNUNURRA
YPLM;LEA;LEARMONTH
YPPD;PHE;PORT HEDLAND INTERNATIONAL
YPPF;;ADELAIDE PARAFIELD
YPPH;PER;PERTH INTERNATIONAL
YPWR;UMR;WOOMERA
YPXM;;CHRISTMAS ISLAND
YSBK;BWU;SYDNEY BANKSTOWN
YSCB;CBR;CANBERRA
YSCH;CFS;COFFS HARBOUR
YSCN;CDU;CAMDEN
YSDU;DBO;DUBBO
YSNF;NLK;NORFOLK ISLAND INTERNATIONAL
YSRI;RCM;RICHMOND
YSSY;SYD;KINGSFORD SMITH INTERNATIONAL AIRPORT
YSTW;TMW;TAMWORTH
YSWG;WGA;WAGGA WAGGA
ZBAA;PEK;CAPITAL
ZBHH;;BAITA
ZBLA;HLD;DONGSHAN
ZBSJ;;ZHENGDING
ZBTJ;TSN;BINHAI
ZBYN;TYN;WUSU
ZGGG;CAN;BAIYUN
ZGHA;CSX;HUANGHUA
ZGKL;KWL;LIANGJIANG
ZGNN;NNG;WUXU
ZGOW;SWA;WAI SHA AIRPORT
ZGSZ;SZX;BAOAN
ZHCC;CGO;XINZHENG
ZHHH;WUH;TIANHE
ZHYC;;YICHANG
ZKPY;FNJ;PYONGYANG / SUNAN (CAPITAL) AIRPORT
ZLLL;ZGC;ZHONGCHUAN
ZLXY;XIY;XIANYANG
ZMUB;ULN;BUYANT UKHAA
ZPJH;;GASA
ZPPP;KMG;WUJIABA
ZSAM;XMN;GAOQI
ZSCN;KHN;NANCHANG AIRPORT
ZSFZ;FOC;CHANGLE
ZSHC;HGH;XIAOSHAN
ZSNB;NGB;LISHE
ZSNJ;NKG;LU KOU AIRPORT
ZSOF;HFE;LUOGANG
ZSQD;TAO;LIUTING
ZSSS;SHA;HONGQIAO INTERNATIONAL
ZSYT;YNT;LAISHAN
ZUCK;CKG;JIANGBEI
ZUUU;CTU;SHUANGLIU
ZUXC;XIC;QINGSHAN
ZWSH;KHG;KASHI
ZWTN;HTN;HOTAN
ZWWW;URC;DIWOPU
ZYHB;HRB;TAIPING
ZYJM;;JIAMUSI
ZYMD;;HAILANG
ZYTL;DLC;ZHOUSHUIZI
ZYYJ;;YANJI